排序,标题,热度,链接
1.,推动党的创新理论更加深入人心,,/l?e=0d36nX1qcH6l7dTGRX5D6waypyD%2BjpINPcBTvsNqfeuksr7nPOkGzEvCm5Hp%2F5MBoi58W%2FZ0EHQVEe2dGJOq%2F2%2BS6PZ4nXVogenztIDx%2FeuzP7mZ8GHC%2FIRnnVG6jpBmfyrxnUvE3oTF40fDQwmBJS5Enhpt7rrHgS7Rmc2f5iWZxqMt%2FnRzEVlY1WHxttDPtgwq4upb%2BbBXlI1QlSryko8Di6o5gwla2Jvt9xXhSEyoOAUaMMVEyVU%2BPyQEisfgPBuIkz20a6t6eMiRuFSybZRMXFPqRCw0q7BoSRF5JAHtjmf6btv9xTJs9EWF8A709O8NSvgJVW3ecCm%2FCeUlVPtmxZfd2m1W9EK%2B0o00vpXv34FWKYRbV1HJVKvBbcN0k5kDvdslsjLgnwXa%2BZ9n77ZkzmSh
2.,鹿晗 别逼我把韬叫上来,125.0万,/l?e=0711BTttgojQy7RopBD4Vlkr0w1HPe13YaJ042RMZTdY1GMUUxBD1sE4fB5XmbA2qNR0Wd%2BzpqErTdRrOd%2FeOaveGggKV3dHN%2BkeszRgGibfJJsjB%2BTgPIX9A%2FPFEu7HCNpbL8c6V%2FwwO6fAx96NDcbl1FhPMgIFlPU%2FEQpGpm4TOh%2F0HdZ6E%2FBTWQGUbehrYZuGRw8RnCqG0MJGD%2B46Q7%2Fi%2FH2%2BuWlapruwOs%2BWCsSDmNy7oQ5tc5tc06PS%2F9lmVtGvoCzsbFsuzpFHNcniFT6Nq%2FFzVn3YIo3zSlZpEdEIl7GXQxEeLYzR204sWI6heA5zzpwYYfUxqf8h
3.,员工已读不回负责人凌晨爆粗口,54.8万,/l?e=2452iPDo%2BZ3AsLA0Y2SIRB1q1OH9xGHluP3Tg8KMI4snaoODt3K14VHLUj14IoxzvqdbnP4I%2BGGEOB%2BHwirVnueIsa87XKJf6O37zrTJC9rL5E2XGSMBkAxwqKWP19lPhCEEfhsDugJB7yL5mtPNZS4Ib3YUWagrmtdZX%2Fswv%2B6snRPd5t9j1JjfmKdpJtoQdjj57OZMvUAFD8KKGuNDYVlPfCKqUa1hFC7yJvCYZ2mSp39bLTJXGxv1tPkQL9ahxoSHDfPYLEWVIuhlUx006OVB%2F029qiKyPTtJuCgTBXqao3tqeyZz%2FgB13joihE5t5vlV6ruMRmJSTLFUw1%2FLc5sAMJ1z8k%2B%2FDv%2B0TQ8kYCy9rR6FsRJvXRA%2FTnNKevscgMjMU%2BTpAfwiEDPXYyDYedyL8aaT
4.,放大看发现唐代名画五牛图细节拉满,41.8万,/l?e=0f674dPqRlLV9w6WXSsVfbSSeQDKYHpptksGnAURKNsTyqRpPC2Q4Q5g8Soyig36oNW2CMoUUkcnQRl%2FF7lNPPhYBFCKwderEowVwi622DVS5uPLW9z%2Fmfge6ym9wIpbO7a326VwlBbMepf2ylVIUOoqQofbU2x24e3zjDx7mLg65jMKTEE0SUmTjTDCRROalnJxS9%2FAMGVj6qcbRhC73u%2BZEnYa51A3BpkG8Is7g5VrES88L12oDgQeqFNnnKJfcKn8TO75Rfv6BQmZOeKcOWDc6R0w7DTJRI9vXV8ifMtNU0s%2FxNdIFeNPn6rC3McOTUb06EdlINObc4bTQMFk87OqBiMNtfCLoeS%2FHypdEa0XE4QFJZcEA7RnJVi3ZD1thGoF7q%2FaevPCDSHIDxkv7%2FdPnc4YC0mjFrIHtbCN8%2BeM%2Bxmgs6hdb%2FLTZnjBVB%2BqiQn4
5.,双轨 停拍,41.7万,/l?e=28ceAAUoUns%2BJE67OvCmIfLw5b0ZHu0AWbA6J5j1CdgfL6noXoQS55DdGrRSus1fqZjdC%2BWotMP9wIgYqQJ%2BPQxLMMcUbLtBgFTccOGZAAp7rT1mZgg%2B%2B5cd0EmRXdLXfkXUNTP%2Bm5DjVRLxnIZadXSD0p9KVxO8AUc9mn5hHJ0uqvXDAsEZyzBxMrajNqScmQG7ItbO05oTSIlSvpf8Un%2F4
6.,王楚钦混团抽签台下画画,41.4万,/l?e=b714lvv7%2F14PaWdbynK5s4YmVs8aIzkVsxeh4hSye211EO32SVvi0c9F7pQKQHJ50xfBVDP5veULqsop0oG72ARS75if8DXhpJWowmMT9MGU%2Fvq0EUxXiZnbqkz50aTf0me9M6CoMV4Ak3xfCAh5k9%2BcDqVT%2FKw6bJZ%2FmTgkzhGeDugRdOPldOKT5u6yOgPrgInFKcvHocR8gZ9FfwCJhNjG2bmlpZJJy%2Fu9zbe8ZQilnwCwJ2%2BpO8I7xQJXeIF2OCkiFMv6Lb15dt%2Ff72WKUkMH1wlMBiGTesCzSzb2gxvAaZFzpT3VUn%2BUfnCHH13iwUZkcHKAsoekZ2BQAspF5eUPrjie2Ba9
7.,中企参展人员遭美国大规模拒签,34.9万,/l?e=464ftjLmHxMnEQ0svFD0cOYx3iP08cNrJ9MTV2bspYH2jt4xEUm10yHjGBUBhvwfUIkCmGQEwUVQ0KNWonBZhlMktxpe%2BInISk3uLSlgLRhXfdB1z0v1dlp1UNWDBIAffcpvowaXfVBQ30EFFlFn4D2iEJ4HhKbu8iMkOrfaC27HX7f95ni%2FV%2F%2F91SqtGyoSGAMcWawyLaFafUfmZp2QwgOW%2B8fyjzQ%2FpN60rn5y9B%2BMN4yjRPfkFp09piEtWKM5hfkE8VJDSFIkQeW%2B23QDcOXt6X7YdlP78%2F0XLYDYx%2B4HGNQBdx63d3L8iOUPAHHfmeX4WfQnoXR63aGLayMSbKVmKs7HkPjesGmWyYGDozEsazHBYec10kv79YivOujd2K%2BYA07n5S77%2F7MApmOPy2%2BKkHcF
8.,麦琳怒怼杨子,综艺 343556,/l?e=3adaw2vYRbiaHhfHTDZw71AglAfVNplkYtQz5%2FJ9z5EMSUU%2BHIC%2FnHGYmbt1pnyBkx2FPO%2BJxtFGcJJk8Uq6TlfNVS6lJX2WaAPzA1ilpBEGmvs4TEyVFsHayhXocQfoVjQ1Oge6Y8yYNe0sgfSMkFQ3RC8zx%2FgeAyb6WLXuQu3cTBbZDZv7py%2Bp%2BqNQyoZfuw4rsawNdoZrFzViIgUQlRhg5PksIO%2FDkULxxYcJs%2FkF6Zp7Pd8vybrkqAB8
9.,乔任梁父亲曾在儿子墓地见到造谣者,34.4万,/l?e=726cZDRUTfWQFEaz7EwlpqKZaJYq091jeOHriOBvuV0QUxk1XF3kNm7INbh2hfB5FI%2BmnRzmDHHqnMdE3Yx98CI5HbVj2Wbk3ZNKa55B1v9eeBq4q2vXFCqD6lCBjXxwF6c3d7wJiyEWrVX9GOHJKRqeNLIl4XB3bdRlzkWtXO2tQRzDVNSv92vPBVJBvkswW5JlOK2kx%2Bl%2BAq%2F5tlxL8SRqvH1z5djJ9YRAWvh4KtP2%2BJiM0DCstQg9sLQhvB9vfvyzZrXCrqWicb2G00OIsOEgJJ2Php0GuzUBn1pDNLC9llyBO9pb%2BYTuUtlWUru0rV3e3c%2Bty%2FYhsQOl9C%2FTZPybDcC5%2BBAA%2Fynebnt047dqKhDNbIP9TGTTrGYfg4D8fmf0Dwg7hf0pHGekGvRM%2BaQY6x6XDZbk4NbcZuhgOY6cIVcKkWEughloKklCJXuhP%2FPg
10.,考公上岸后的体制内生活是什么样,25.8万,/l?e=c319QnYcBGGOtAz1od%2FIqy1iHOojcgrwe8i%2Bxr59c9sYFTB1DcA2qpWNhZQ1UuUxSJ50imPzweqm5ULuBnxDPLcWhBBOkh0Izci2%2BHzIHnGmQ7yMqqx5xAT7A%2BYpF%2FDzBlArAms17ZqlXgVijltyx%2BtKZ0NL0fiVSC1zgjbSSJ%2FMXfU9o3cpL7tUnQqeQE9cnySaKqExuFtir3nTblOTu9R3BRQ47lr8xvqnmj5qVw85yMaa0nsXjIM86%2B9menUS8SYjfejbhtIOzthjqtYaGSWa1QahpR0Gz%2BfdAMcZcIkD9CVTlMOZZYMLtaLtHLJWXiLWTYjdAa4x7YGaNtLi1UzsIyV%2Ba2HybN2ab9C%2Fkbd1%2B08ohj3woNhXlU19gDUVAj0TG19BdaYG7TvjXPKQ5Ov%2Bx1rpyhpnD%2BTDcH63YAqM15ym
11.,男子确诊肺癌医生一根针冻死癌细胞,23.1万,/l?e=612b744d%2FyXL9mc%2BAb4SpMbOixePt4r9c7LBbWMHGXprqumvwJE1IH8KZZUaP5Rmt%2FsANrS9mzo5lBAONj%2BN3P7wSt2V%2FDKJvmLMrf9x5XjQ%2Bb3ZmhlApdg%2FoM8FSb4UsxvtWgyge5L7F0WF0EdPN59ynuKlnieoUp9PQXjfalS8wnAeonSycJ%2FbbUTFdxvbDa9q3RsULfVw5sq5vY1fRJAe0O7L6DTrwSnkzMiLQfw0Rhkv1NI30w3Ri9ENDHr6aANxgyxUj8KOM5Kz8OTNthK%2BQeEviKaptCzWdb32%2FnSosbq3v1klPEtRHRvAaq5M3yV7v0NZg2JLEwe5M6N48Vkr9cZDUBVrTm%2FNrfkdoVL0d869lKEf1Rde5vAwptgKCarEvzJ7LTKhVaVWh6cClBwD9cSP97P6ZOHThvt57ntL6ayQhKG1veQeTFGEJyCUPplx
12.,中国籍男子承认涂鸦日本靖国神社,23.0万,/l?e=85d6NLKXWDA8RpRdsF5wJkdaR9DelRdRQA3gUtSm0gdZ8VsL%2BIjLXKz8Ox25O6MN2i1qFVI9Oe%2BSjMNrHyKeeBtUOEwoxGUXE0CkQKJZEO72mdoQC3vRuxZPRUSWYFbv6dsakwVmQ32z9jKqHx2z3EMJIvk8uDOoFZSvxZO8hQgyJVMtN8ysfMhKxfwlrPEyt26%2FJyvUltUXeHtt73EUVSYFiG3KxrMlRiNeXRp%2FGW%2FWqwxb%2F2WjE7kPRidVWfL89su8%2B0NFoc8Tpvvpsm4WF%2BqwOHjMyLWfL7xGcg5uzJ4HEGSDZ%2BDpxe%2BF9UOrY6RPbayAiQdZERvJ%2BanEMN%2B8uTW6%2FySCQfhVhNqE8VdqqNbWA%2B78WMVVc7IWzsLwxAyo8TDduirOkHyO9JMa5WJebdtG75MuuecorcgKLFFGA3w4uQLb
13.,合肥LV柜姐离职后开始卖货,22.9万,/l?e=04abR37ac4rg5NRKZcibWCzGKoHxOqmhJ48%2BF041354GwY1aTghrG1ZrVt4p4tbWLeepuIC8RoiZRnVS1sb0%2BJfLUExL%2BZYQTHPkuGwOp42lvy73bfVhVcOel1X17wNLghfFx4h8ILRQjOkDyF8zVxB%2FhJVVjoxaUba0Jn9RRCf2bOXZyp038u8H9oTT0ZXoOf%2FOiCe2UM3bCUXvS5Gc5oHx542vcnsHB7Zjy7N5%2Fpfw8v9W8fnK1y6f2e9NhQM%2FKZJyExMO8iAKsdhebTq72ZwmzmBgF23qaRblL7GS9ncaCjeXfGwGE6%2Ff5y1DWs8tdruCE6lPlDJ7TQ3rJiF0wUBzX4jx%2FekQrBk
14.,一句但悲不见九州同哭倒一片理科生,22.6万,/l?e=1d9dicoL0X5B%2FVZgQw5ICixMhY6U%2FBy%2BbMMG%2BesgTKE3cd%2Bj9fTKVZ7v%2BMrMwSbesMmETmzdqdro0%2B9cczd6EgNrRhvfuRk87l8HncTFa8LFck%2BeBGuNKzoLTtSBRqQxcq2eliCaS1wR1aCKLqOyffT%2BAMv4h9MT06PdzR1tNfupAipnj%2Bqp8LASji0ntNQfFiz0oqQkYrj4z6Df3ufsn8ZkW6aC8wVHOjCnucZU8UGlo8p9x3Y%2Bl5TmHfMYotsE5imcyyoA5GlQwSW%2FqE2mu6g5OHoEe6wcq1x4x9yPCr1PMmtbLSadqyf%2FTQoBjrJg0XvLkqKQMWbL7FBOOq9jmqndPvJuUAe4x4Tb%2Fz0YPWNlVuLPLDjc%2FLnz3t8nOD1%2Fg9gSKoSRsP96HolQk6fyd%2Flhyrj41DOo5yAqAPGEK9zcfV2Wbf4ecVGS8vX6jF0c7S2C
15.,MMA红毯,音乐 225108,/l?e=2638lAXYjNSxo%2FvtLXnTh9n4xzobeVmDJntjFrkdoYdgBPmsTMOFCFLbio%2FRvP3%2FdcJ9po9sOy0MgV0mISZcT0D65A%2FBs2Ixiwf%2FYl964L5cl0G8vxPXIjABXzPCq%2FIfgfwK7v%2B%2BNhBtbhEBATRWkU%2FMa9kDWkXC1HiPZ%2BLMsBkaomXX
16.,如何应对野猪致害问题,22.3万,/l?e=568b7L%2FwhmHEexRfwH8WZOpLVGzBfH8oVHm24a%2B5GeT%2FjrRn83LXVnmT2Sx9RUcMyALeJWY6oFDjiUKixKfzDCNT%2FZCDIYDDKrYp1sJV3w8cFBwGZB%2BK4%2F0F3TPSFRBekBHpbmxWzxi5Y3AL3iafLre20NOCjMpedAWNyw7I6wzKKMdve5rpP%2BCR%2Frp2jwNHlss2Uzzy6GDv0DOuo0X%2BLILcfBI7AYkHA30AJa02gQmGYnGybnpQnVABMpy6Ql3KaPyxSCefkOtxOtuCFVAz1F8tPVBfuL1341xwRSYElcESI8%2BNq6mTYwW26%2FF7B3E0j6mdiXL7mxCb
17.,陈赫回应鹿晗直播,22.1万,/l?e=be17TywgvjAB2RW6oagf35pOyeqU5OgTCHZ1oobJV31XF5EM%2FReIQtVa2HjqgYBxEjm1ldVcNdG7KavY6msYgZn7sK6187K3B%2F0XLiZvu99Gvb8F1eY7aobiOa1Lg0QBeTNwAGws1ejmFIyUgFtUgin9AJNvkKcDviNoPUFKs82auxfse8trDDyi9iZm60RLDQIbaxy%2FHQLi2vXLU8atxfKWBKxScCO0vs7iZiwRxoisl%2BemaJOZGBkqKhB%2Bg%2FtKV6VWNLUFafCTzOpy7ldIFicipHGDccZ63%2FyV
18.,肖战工作室,21.9万,/l?e=258fTDSnsiEc%2FTk0D7UAhXAKGDBVENi77%2Bc86r6s4a586T7xgejVi8Ioz8vxsDa9bys%2FdG2P6vPHFBJC%2BeyUn5LoCTxKv7CmycO%2B3cjGE%2FtGx83bJH%2FD2hHCIw8DKUDT3nNpu1KuCWwhFFgmDL6QwRgYp4A0QmMWOxGRLe4GO9TCkPovA%2FqPboALSZFiCMjpbup2BHVC3No9VJGAi4bWfoV2xX%2FqaHGhgDzTJfJT
19.,叶嘉莹遗体告别仪式,21.9万,/l?e=8f05VNSMRQPicOTBXNb3HtpmspBtbaO3A0aOsipBiu3Cugzk8AD6mUpCwAgkRhedzoAgj%2BnxPlnV%2BpqKuFtD%2BXofLJQ%2FngX%2FWO8pyTlOgXR4PpNZ9A7a5SYoHOgsmCYbTu86p2e7vTKcDAt0tYScsto5l3jPjZ5YaNnGEIBwFztxX1wtmPZJylUIhUH9BhkmH41bBF0Sh9NJqiCnvbpyOjAkBbdTCIbxdP78dsrOc%2FPCaSGrnT3U7EffpGywKnc0wdvzdXpF1zqHUpJCCGnRlT%2Bs5zkAWbz%2BrRdNFdRHufh3ocb3hjGy61gq
20.,黄景瑜庆生随拍,21.7万,/l?e=f94c4rm7sRkEa16xgBYTUdvphO2vowJ4Gura%2BjF2VheYWVPneKD3%2FGHNELeifoxeeNeyfFFfjbOJ69aZqHS65xsRFZ6q%2FX6mC2hTZcGt%2BWNYsJUVu5NAXa1YEg%2FiG1xOnP%2Fl4yS5UpCPnvssajobzqoA1dTvUg2%2Frm8k4idtsjr2GIrSoDeoP5oJTKEOXfCntvXCYkpcucQjo%2Fu%2BPlIjdzV6t9jIFpb05K17nApeW3Lmk4%2BqX%2B5LwI4%2FUN7EmAxY69ISDuC2gS8Waz1O
21.,美国小伙倡议望找到更多二战史料,21.6万,/l?e=db3cZZ0gMfLMt3ab0IGZMrBMW3qzIGFUC2jWW5H3dr348ER%2B0YadqDxgnXX2Cx5NSx3nmTSD1VO3k2XKga8OcB7e9kSt2nIPbkwZxArNEih42vcyuuF80Qgr4%2BtfBDlJg9jwzcQibpInUEVH5cNt28IkzQkqsBeg%2BRtso0yokxrU17OeqFE2KdMsrQAPynvEhi3IrVNkWNB4zN3F%2BVenrzX4i6P2OBDb6hV%2BUq1GSbsrhrNrEifj5os0Ro30ZqXmXOKZKY3kiYRgld6wZZ5Y7c9qCWAI35rmCmJZTGjzgNqCwbOVDJChxdJ0dfTFX1MfRcOZc7p%2BEkMC9q9LhQ%2Fk9apcI%2BnCbY5vshbyOJwQHmsp4yPB%2FmMX3%2Fo6N1VahO7JwxkINCEihCNIZKhoOyfUe%2Fbuxpr0qn7fCRKO8zO2VRSiyMel
22.,结婚3年流产2次竟是老公精子碎了,21.4万,/l?e=eacabUX7rkYQ8PwSRXNDcR1In%2FUu0%2B5ECld8sRk4tKgaePsvCFBC0sp79mVEqqT%2BxGZPeWDk%2BU0ldbSoopWMirqS329fI%2FOI5z4yRJn8TET8idvEW4qQlrP7QwmeeYO6fx5YyW6qi4Tb4sD5EMsEyl7PzNXPpizlNbe%2Fv246WlwfgOBfUB3ZWldgH9LOIpD41703FqIa%2F8lC0iWKeP7jlseplWlOy1W3V6crjaMzfwK%2FGJlvEBy%2F%2B8rMy%2Bfa25miPmoLE8WWGJkFSJ5uOuinoYpEpICsrHwKEjDuRTEivoAlo8PhAFjZvFeyl%2FStX35nWGqd01PUpDuPzQQB6uiD0EuWJS%2FRzxsbK5zOxOegNaFxCNBA564ErtD8DVOiRPGar0oiPtrOUG9QCuApazg4%2F78XBR5xvqE
23.,韩网友抵制韩国电影,21.1万,/l?e=4271f5PRd7VbtrihkOxfxOtB%2BUTHWVXt322wEb0wHEc8buhsktA4G8wVf3ErvDf16U8N0%2FSkGrKp4MpwasQztEt9TlB9fxKS3y8jfLp3916faZ1VgpO%2Bc9K5ikWsowyYrdalkhHrdozGZEgPUAKCvdnbdxsSsJdUfbZXuahmOYQusvuuZJkikvFGUEkzj9Z%2Bl3yYAXiEi1UcQUh8h2EZg2FEV8kEhyKM8iL5jna%2Fs27O9mA25gmcBtIH9pT4lEHDxKQGZ7NNAYfxTEysBdrFCXMnIM3WQmFFL6JRCPOy07m6cUVluCP8UHU%2F
24.,留几手让葛夕打过胎,综艺 209000,/l?e=96c5um7cyvz8tLG1j5MDVHc3aQ1fweSCC2NiduxZbKTqDkIxXz%2FAn0bk%2FYfF8Zkd%2FYVQPhC6g3Z5fGBefd3ol4HmZWxx%2FTCFtPHGLZZ0FKWJ%2BwZhIKxtHp9zk2A2ifFowpEr8fw7x0aAzNGjmJnlqVktpLi%2B36TbEh5h4qeFpCd2ZIew7LnNo4qBbXQ%2BLnm7OXy94ES4gmV%2FASrreGgI65ojOXJ8gvOlwO53qbol9V1wMxQ6gyY5fryGTDMxdAT6TmEx5HoIRMIJJHHZhNVBaJWZbkGmdMDRPF11kUz7qrLQ%2F9f7bcUlC8oi
25.,周密,20.7万,/l?e=d569XXKaPlCGe7yc7yzU8xy%2BDgVOjAVKQPSI5j7VVNv9I669K7XBBdscdqUr1C7nr7VVxbZfzpCNnOC0p6qUbbs%2BTkSszke8MRlxjjQP4qYKfV76hd94RJ%2F2bAH7e01DvwPWVS42W6mWidaUK3kmFAnEvKDyLjmwq1EFMjqmQ%2Fvl
26.,国考河南报名人数约为16.1万人,20.5万,/l?e=464cJRIipjpUE%2FBE93QYDmPgmYluJlQqxNdBGdTTBGa6t8fg9MVE5tGWrt%2Ffj8553JY9KmxBvnFk3FvYJZwFGfvyHODUhOugnHdQsHOLwFCMQb0XzxcExQ1tnyLlIeGcfw5H1v4mmpMqEP8RoNTSggymDNyc3YihyqeRUMqoGizFB%2B8KRU7JcZ1X%2BfMwdhmOhNlly2AvDhBVJCpeszkzzmFeRUKTcdpEeDWuNCLsTO0UMTUE0%2FhgK9vzom1Z5WPfUFJbC%2FYIzo5WkkJfCMIsn4g%2BbBRZfFXlKNveAgGjRePjdzAYuL09u55DHaFbXsUuxN4DQHOv6H9KC4sxCm8WVd0lo%2F5hOIyEWjag4MuvIIf8hHl2sEn%2BVFp4dQ
27.,虞书欣她拍vs自拍,20.4万,/l?e=3bfcWZOL3GeN6ptZjBu00zru2UJhsDFjS25ca%2BOVHT%2BDEE9%2B8ymmEzaIbWghR%2B2v1nW7EWjpL9cDMPrmCFdBYTj38260AIjbQf4KufpZijxnq1O24YIGYk401MP47%2F2GvRV3L5gIHoECWOI3ZHmFFpRU52plwnw00uij6%2B4XijjkSh7b6Ws3RZLabFdyYms9OI0EDNNE%2Bm1mOUTi9NFKNZCpUceIA6XgnM8H2EbJE%2BoXSDfpmq0OyuN2CVPTTS8eunuhy9HU%2BIyiVvgGWwA
28.,郑雨盛道歉后李惠利的表情,盛典 202115,/l?e=0ff7liFL5ZoxhJuPsbwbRKjy72faVpXUBBUFhk57hMZPvIpkv294aedwIy%2FiuLz0OgtCsUHzimE%2BhKU2IJjd8lcNgXKSObx8wzhe%2BsxzIkUynl%2Fndw6LBntcbHxQme7%2Bgou%2Fti1MFA5xP608jLu4riDLRGRlsOX7YXC2%2FiFYeehw2MIn2zztHvgJMhJrAhNqeboX2BwsTpWiCGpx%2FDTooKHnOyTePjn0%2F%2Ffj9sUioA%2BZSmlhW26%2BtqQvt32CaFy6ACGbRm5laIgbITe0vgdI%2BIag9Pi%2BkAR1tmAKyM0iVRYfIRDTxPNjZNqW4%2BCHKlbmnCFB9qNSB7wEZOvVL2AjIECbsk%2FTbwNEOTvBjOZKleeWlHEFQBcB
29.,我支持新疆棉花,19.3万,/l?e=fb4brYka7sRotzr8JVgiK3LF8dltzxRi1V1y2jFBuMMjwcZ1FRAQcWtZBsRdmvJHiEQaQnqNqlTjhZsGYy8ycThB9EjiVpc3SnF8aWChY7qgZIagEvnjTYvYNTCH%2BvxTgcJk8OzdtabObJK1dTZYY8IpDYs%2BmvCNoaGHI2FuiB5rsy8iuTeI5GkqXDzygFSMseP3HVg6pvg9k5zhQg9%2BCmBolvNpTRz07QPjiF38X6xc0EU2rwa0kFbDfJmo9XGN4wo3pg40FEUYDG6D
30.,乔任梁父亲首次回应巨额封口费一说,17.6万,/l?e=f257KaT5v5W4Oag1ZplkFiO7hedG3jOIZ1jT31Tau%2FGPFe4LojtdLFwfWjZt14Ofvm1eNxivTm%2Bkr4ZPBMI03Y7%2Bfol3XXxX4XdSKlRdNsRnMx33i%2FdV3MpHicwtcmT6tz04hevTm3zPUXDIdqE4cZFjnxSZpbROsWRFWZydGEnfovylCmkZpVsBhlZsdfWdeN9MmQ0k%2BemFsSIwM45Bnrry0G1RpaT4rbXdsBsVddyEW1FGBhgeD05bxQAdSooajQ%2Fq98lk4KgKO7kdjBoPi5wuX2dIaa39baXY%2FkXWJxyWUe%2BVe0sx3J35ar8HY3VQLIgwXKjwdSt2Q7y%2FZ2M%2F6ByVx%2BVQcXXrpMVZhbE4FWynRm4N%2FevanwmdUHUibauzCC4AvwxEHPnYFO6pvcFCIe7BgtmfHfDdx4xMmlvyhK%2FdxHMT4Uoo55CmXt0%2BCvTpoQw6
31.,山东临沂禁用的工业镍渣流向连云港,17.4万,/l?e=d521smi2RyaMYaO8ncuKEVQcfT30vWPPqmlf4yiwz7VTGuyQcoNqP3BeYB%2FesmGbPPINvxexu3onoqNojd9EVgtuiJUnS%2FzcXMFHMOJswdukQI%2FWp%2F%2Bw6xc7NHuCSO3DXHeRYBB65I0ia8jdALyMw6C8mUUG6PoE3%2B%2FogTzg1yVlX31QLuJDurXYsIWnaumglssZDd%2FQtjeSr6%2FAxXEnidTB4%2FKhanxu1t3Xb9eqN2QHuticgTn7HILABZYwaZSYs%2FDgsX4m0KZ6Z7CwTN0fSEKBOwne%2B2dcle92qJyJlAyXKDiehmU5eIF%2BCF7332Axg6i3XC2f%2FtuJy2pcrHNmLa5kM2u6cXnZNrIgGlwjRBAd0sn7wU1BlPhYcRHdUVraOPAMR0hnubOqbex8DbZMBuemezwNsG%2FDKmK9SReyg0oDHv8NClmhaWESfLUFe8kYt2gi
32.,在靖国神社涂鸦的中国男子被日本公审,17.4万,/l?e=2f97iY%2F%2BQ7%2FEimqntzJVt3gOP1LBoUyszmVfhbI3r7vwPOBk8AEHH5zeS6cbbkfiwrROEq0ZpcHuSnPCJMndl9Z6Q1F6b9wOiRU2Aq%2FGnAKzAUIWabp7uVkc1puaQ94Ierv4WznMpzGozlp3%2F6x5CqfQA7w4UemdJ9XPHbG4AC1nKoqj3HL4t84lFDyGvHTYRa2kL0LNitTJYcI14TwkH6B6y5ugRhV3as3T6R3MVC08papBT1VfTHPr1Bukx3xxWenoyg4Ox9y7hZAgWsQgX7zVMH408ZbJQsYDSZH6z88ibylupoX3Nby2rRRhPW5F9vgxt8CSPVCMcjD6EQKCu9p6EwJd2J%2FZiHtDky1v82Kh%2FIXjCJPzDizXBEivyX7cI%2BEDD93MHyd9KCHM8cEiYIz7u9EUEXAz%2FZSrMbfs0GSWi%2BAwC%2FT%2BELja%2BCgpJVSPIBSJt%2FJVpuAukv%2FUiFdAOD0I
33.,虞书欣团综300拍摄作品,17.3万,/l?e=bfbb0k1MYjQtCnYa3vt9pUN3Mql9r8AdKwqIoWh46jsbWo03OfRcoIHclrqG8%2FJpOliG6MuOqS01iCb%2B4LNFzbFS5TQLcYNvRG%2BBz%2BezA86BcK8BAK3MttMQSgx27UjktOc6TQPQme6orYjQX4W0j6AxmLyzTCFapWUnEc0lH%2Fsr5HIbP6FdmZX9zOQAvartC7rYo1qW865YnGqdTZzsS6KPRay13qOsNc1x9AmJt%2B4B%2FuJp2eocgy%2BiVhx%2FVd4EtRz2ri7olk9O8P6yKzA6%2BPb5th9E7eyyGgu%2FZbU4mYMnWstr3VRqD1sQ%2BmwZ
34.,因果报应21刀只是体力的极限,电影 172145,/l?e=a38d3o9glmJKP5LR53hg76VT7Q6lS57Yn75rlgj79JmB%2Ba2K3P6nrVYjjFiOwziLPyV8ipDDzNW7IAnibV8arzoJTdnOG7ZYsUw0Zdth6J0IqQZxs2q5R9OUCnBCoHMUN66LmDr0VqCMUrn56tp%2BFSD7SYCWdKssMZeAJkuY4LpcAUuE1zQ2rRlUBvDTUHBlU27gO7XXlCgk5qhdXFZU%2BmrJ8Nirlox27RBN%2BYXMdPNFv4kngYz42Y6K7HOlP8r4rOj0RmWmKmKP%2FKrkDvs8GRMOfNiC9U6dNOIwxEoDL1q%2BfZd%2Bet3Vbt9QHCAR4uvSJkki1plvwSV83BwbbNOzGK145Sv8FeAZ9y7QmaBRuNggvr4HFqI%2FAR8
35.,iG官宣重组,15.7万,/l?e=c901FUM9pOwDRWBEHvjE%2Bba9Z6eS3CuQhm3y3U%2Bl9Om3q3UBgg4vOz1KIZ7Oezdn%2B4hbL7Ncx3Kc%2Fx6HFYoI20am0X92G6PK0zrWiAcyonQA%2FKpyA4KkAaInYLQUkPsAcaQ%2Fquhds49bunT%2FF%2BP%2Bqqe6MBIicI3i2hXGNRqRYTDIR6enx4C5wvMhhTXGRXF8aysOye9ab0f%2B%2B3t%2BpUjjlhY
36.,樊振东王励勤男双,14.1万,/l?e=a7c2B%2BonUi6byxuPBSY8cPLJWzRBW%2BdujufTDlUW32vbSfg2kqsnBZgOpFAwAhMLNNe4GKQ6eOpKfSAG2WDpbBa9ssJjzR05%2B10rYNziPNhlAl6%2BmkA6k4joB29cnWrtQczEXyt2ujzDts28bCU4oPAc%2BpC7RectcgT4JWbW6I936Z5VMq9bv94vYd95w7vaEsNaPNAsCBx9Txc6WtFlbCbeSB6tn%2BCSd3%2B0cLa0nmkeCQoMAqX1uYjD6E9mdVBefm7at867WIBxj7kCWZX6DxnmzD%2F%2FmsZ1Z8jq
37.,宋亚轩说韩语,综艺 133629,/l?e=90752vGUgD9YzmnmR4Fivu4k6qpkLZjNNBdAryUK0gtioMoZNFvzuH8goOC2yhjn1am9LQ4hyMmSD%2F%2BpM0dVUIf6A9agH5rHeNnt49KdLIlfy%2Bi53eVg%2For7Vh7YhdnfNs7S4sQSn3um7HBv51%2FvmX6NQHyaSoUOQp%2F4ad5xUpiRak%2BnMcRmqaxO1mneJSV63JKnHFwGFu2m5gCKsqea12D1PSpVgFTfdfOQ8UFkaSxxXXW2Tn5tXABFDU3x
38.,这些OST一响2024画面感就来了,13.3万,/l?e=3ea5tW27lxSL5nzNcdQe%2BGhQWu1Gxl5WjxSaf0xlmDcN2dH%2BrZfIEuu0N4CbLB3LLhMoeX2MRbkrzZkeZAYafjd7HSP02DwyrdliW9xP6RHSByDEY03PDBRSqHQ3CesNZ6NoPqQj4WuSo%2F8qZATQBRvX%2BAZGgP82xNg11ac2mXhmlGi6WTIy0YwRsIRM0fDd1ufu1dbblcoo4cI4xIVKnDyT6c8S%2Fx%2B5b5p5NRJwN18FcEpY83o%2Fk2nTjsEVxFgCMh81Yse8UNQb6kPLzathKjznr7Na6poxFlFOgkNVkKv%2FUDFTroQbTr0%2BDYcQTK5Ywx66RLcGlFvP0X2OC1%2FNQA
39.,国考,12.9万,/l?e=6257BECWTA4K%2B8bo6Ut%2FDJhjC1ePIvn9NzO%2FgT25s7jKaSrayJ4y6XTBqhymWQjq4CutdAJX%2FQ3Is%2FXAggjmlvleg8tK0rneVMlh2a9KRuxK02Bb%2FrJlqvDP4xTaKsoLmjk0YRzhtVLN%2BNvcGLFCkq%2FEBQVbaCvxBJe1zPd5oIWl
40.,孔雪儿终于把面纱摘了,剧集 127415,/l?e=cbc6AshQwKKPdvH1DxrJ%2FibBjfF1zxfGCnplGNHd1kxkT6E9i8KSmB%2BKyhzQQ27cuZhDjRcHhzBvfen9ODgbZ4blTQ%2Be1A2S3EoGI%2Bl9OWRhX%2BblJ%2B2k8mhum9aU8zkRWS9Davx7MGzyics%2FUcNQq0v80uQgJLcHfCdwF%2BdJeFi9MzLHM5tWkS2xFvgBt04QoLZz7LOyIRtfVNLN0xehwK1x3WJ%2BA0MeQk4CdZhjYgWfk6FP%2F%2BKzFfnYKe5EB3ycgbvKW8I0GGFIdyWmXZD1mt%2FrigX2DOwsEwJuyH2vxXiHK10lmEDL1UY4BPPjtFPlQrknzb0DyrSW
41.,炕烧塌了为什么东北人开心,12.3万,/l?e=10c84YhKqXd2wKDo36cDgTPpOb8%2Be6wLe4VvfOedi%2BCp79b0oA24Lgob72hlJ7n5AHPB9NpAfADx6pWTGWaQp6i23M1yyrJxwQvoY9XhZHvSWNDxbSs9LTuenB8idZvXkix4fI1XUCMazfVIGWn1LiXf5YrIeX6ebhY8zeCVkuXa3oimcVASNRJvrk6%2BzBOMZ8uwdOfMV7MTKval4n%2FopsLdQMdrkkKqaQhN7riQqNdpxVkkGUX7yjYuggBpNevX95P7cnJQteUkzX8QVm5Y84r2Q7J6pDbOloeA8Xsf083t8rez6qWbx%2BUDBqgRUPj7Kbrp%2FsMrABemqMa2oPHY9aWCp5HymbOSywe%2BpI3QzDvlidw%2BWwNh
42.,谭松韵蜀锦人家开播排面,剧集 120713,/l?e=7869TtLbC1IqG1KkhpQ9MdtuD6eXSeGzTuV8mDdUVLzf9GGm%2B4JGZxCydDMz%2Frw5WmTDcKvDdfzjNT7YDOYWzE9V2s1wIxBj7HLx1W3qCCuL1LpWhp0xs58MLXLM4cL7wwR%2FX0H2oOoH2Lay6XIx93aN4A%2BMdRaKvxhi5wuZbEEAnfxY6HMaURyb4Koj9lqt5u4idiu2sMKCRsmr7DqIE6%2FNKlsS%2FoSXpcnTSwLuxjYLPXqfUU8NlTaU8ISTsSvJOMbN8M8ojcCbmApJlW3zeM4jQ0MCvCf4dd%2FC5m1qc57hBOgLI3DXPyClGa6j%2B2tCp0L%2Fi7lK6G66jHtZo1GKa8LidGRn0429
43.,宋亚轩刘耀文互穿应援色,11.6万,/l?e=76f5qlt7CFJuA7ZK1CMjkTVJTr1oN8XgUq2nT4mhlnZzFFLzMa%2BJosWUe4d3RjQvmDtFWsPw%2BuQ5BZ6%2BxUfR3WNxWC5lx39Zof08%2FtkakgxmNTEoZ8pFbVKtUrzH4CxlMxFagpSGqrzGOx7eA6o1BM84h0%2Fu20BFLwA3YLZeO4zgcNPPwMC4mmK4kqr3W3aTInNebVI5zgOoVCqGrWYih5K06mKtD5Kl75bmptFEoD0DRXbvOyV%2BAJPgoYd58ZK4GcC1%2FEE09W8V2PwE22x48%2F%2BDKLeOpuOiWKwyOYI7SIpwDTFSlSElZ4h3jkvNk1BwN9aNkOVng5CFLfHb7w3wxsAF7yfEmt5D
44.,成都混团世界杯国乒抽签结果,11.3万,/l?e=5459j%2FRAYFRE7fhBzn0JFaT3c8SIpIi%2BTmFme3lLmtM60fLS%2FwFO4y%2BGRtmENWiEkCMh83Mch0SGq3WaokkV0k6LSnuvw9wg2aLpyoLv%2BDWYV%2FfhaqavdlgGo3GP2rOzvlr4fejiMIyF87RUmztj1j3Ci%2F9nSj0xPfeCW8zHdWQMiXp6A7r0Jr2YXR8jP77D9G1SJyBlKzkrPHNnPKsbuGpSH0UMHyXxlxFC3xJX0gcru0lleWOek63u0FFJKS9rxznwfbpOmWizMH0eCt51Khpo3HBlnwqSGDdObslMFg7McFhBB432CyV0D3UBgIRTpMrHjjmU4mVfvo%2FiTNyoddoCKPiPbDPc6Vx%2FS3d5sdBtU2TMqh5pJoaKnq%2BagC1iTuN5Wfpq
45.,MMA颁奖典礼,音乐 111582,/l?e=e8c1cG9kkvuPJkicec4aavTboYw8RRyHOpRzhTI7GS%2Bs5r5MAK6cguBYBydt%2FHUr0rbZf0hpcn%2BX5%2Fqd%2FfkiVSuLi2xxLTl9hgzQLsk%2F10fsj3WoZzABk3KuWqmR4yfUVTY%2FZKXVh0Hy4f%2FSOY%2BKqHKXeT7G1t232V13tmYzGAS2MWMmL1fsipzYV0nvW7B4zMAjfqdhOaslKWYHMzbiE%2BBg
46.,免签朋友圈一个月两次扩容,10.7万,/l?e=c784MXObuK0pVjXmjkafy9Uyk7c7%2B22gYcjh2B8fazUdCRjVk0KCyFEdqhhuMY0zShKdtlnRygVzMB1jaxCwZ5v76z7eDvAL72tJNeSTqGp4pSdMeaas2C22PmFkYtxf6DL%2FTE9zFeX%2BE6nyRAEs9VWVGD2Ph80knC5VYRhFzdo6whMhB3P15BLGbrFhNmkVj7sYGa2xTFP52KDiCHyIObgMmyHLsAKUaYIp3x4wzmLZWpNrbh%2B5cfi7T2tBggb7oDZuN8PgT8M1X6vKIb0%2Ff9eSXP6u1nhaNDZHEE3lOO%2B%2FIbEdzoqOM4wnw7mAIowHo02mesFJQCLphMhRlGLNx%2F6%2BhV27pdT87epg9zuic7983p0c3I%2Bw
47.,王源粉丝买电影票像玩拼豆,电影 105591,/l?e=9b0da2f8jBx4kgntqkDbBYEhJq01lItQpZStpzTA5ZwtLiEf0m12hDV0jEsV1Hgy6RRG7nYdbRuD9MiDxmQ1rmTnPwFjJHbbbDExYzanetXVN1vaIpzxd8UTV6HIKcNHM%2F7xNy6JOCTPBHMS%2FDA2lmVoezJrHG1NOTmxBIaIlAJfDIWxiKgrgpvKhEl%2BuR4EW9CwhwP0heT89yj7HbBDNcfg1%2FJE92JDURSVCPA4uWD%2BalU%2F9kiG7DKXwiZIR0Runb7nDCahnPnSAQ1B0%2BvGuyQ5voMzM8pBxnoYHk%2FqLhlHXauj7lthIpaIBrqH4uK%2BmbnjzriGY6f%2FyOM912bI7k3IVHv4GyV3QZvHsOzob1aCBkL%2FHsLE
48.,婚礼前一天46条喜烟全被偷了,10.2万,/l?e=2185TOnXCKNKO6uU51TLOlOItWPlzoj%2FgFiOiiYA2z6uHEG5D54203ZjmXhCuHTLHuVaOVjNGyw%2FPP4DOTaSoxwTCak0f4XEE7CkBIAfoC5A6o0gWTri12zUUXitupNMcrTEL%2FitP8dex%2FtQhCbJc3gavofZLqKX9rvyTeB%2FXz0ZYG%2F59q9msa86RWBGftyOsDcgYi9KBLo8wt9j7e7ZxJndu4TLthwyagNx52EBdpuzWSzCpNj%2BlbWvGh0gziIUNSWJcD%2BuWdjlC8nqa8MJqzLB7%2BfJ5kW7NF%2BtHjekz7RhD%2FIap9c4Kk4vZMqlESlobx%2Fd0aNBTlrtK9VGhmHU4F0TgGxIlAKiFnXWKXdPFnUqiQUTOMGm8MY
49.,香奈儿屏风里的西湖,9.9万,/l?e=630aFx6sT%2BtpRtxF1tWkdPCsDUm5%2FzB%2BfUyPdmylcDFMW2XONWABl8RH8RJa03B1216fI%2BpBxIGCjB3YRWeZCMhWiubW0JrDipEQxR6rzAgJU6OdJnwoKD40KZYP7tcFG14Weu9wPcdShQvY30lixf%2ByDB1xm448EG7HJ6CfMAhLS7RMmrt%2F8WYUKpRTYGJEmDR34Cr%2BZ8Oa90MJoMxHq1319VU0eBW7ANzdN9h1z35nFmBiI639mlouq6V86JJ1dKceSBbGU2KaWfnRUcaz%2BxnJzv7tMvm5Te5iyG2V0HhjyLuim97%2ByPs0
50.,aespa全员黑裙,音乐 98703,/l?e=c173OZT4%2Frh8aMBldMXnuIp6Akrj2%2FwhqX7rX00jeOgdi7xcwdbEcOsRI%2FISFcKh1QLsrq446tkjI%2B75W%2FJ1TelyD9qWeRm7klxJGiUGS%2F52bJN2oFY7d0tC64bLMfI94RDtcQ2f7bguWlcEu1OVFVyoiWeAvuJ6PpHCRR6tm%2FAocVzhPrZFyi%2FN1b%2FBz%2Fq4UelZ90%2BQF94ez9Q6RJinZ8Ves%2Bc
51.,葛夕闺蜜,9.7万,/l?e=58e6bxA4RWoJ8j5wixTQzo%2F9ccpyc56k5npXn2nTFdLmViFyP5%2B9qLQ5XpglImetHpJkjvfXcSREm1%2F2wX6SENqilPWk7LdetGKSDF0oIN%2B0uMX8cRZhgUO%2BBdtnMFBseg4xW3UNWbvQkxiWOdx7nj0YrmsMvJV%2BDkRqa0EoLEQ4IVGKOg%2FkIn0zy77bo4v0bPnqzmZ2Sd%2B3y%2F0r0w4X
2024-11-30,黄景瑜庆生随拍,21.7万,/l?e=efeblIPDtJcRwBDJVc66qlPteVaEtXKD1Od2rnhs1UpJe0zS715MmbXEVKOSQ%2BRdTS5tY88CpClRffGsZrJhQ0MtUuRMKxOzhwnsFz3BfiNshfE6CJbRt%2BULOhfWFn6BiIZLjsULaeCw73h5OWjeaQUGUxQqNa2694c1FK8L15yfc4S0Yc9fV3VYY9wDSt5vEkBP2TvhH74Otlo4D0WqX959ylodOh0aPrswyirfiV4R%2BqMQ%2FHL1ZxUsEO1D%2BVMoyBgRmWPC1OS1WnUr
2024-11-30,乔任梁父亲首次回应巨额封口费一说,17.6万,/l?e=2d2dTJAim71zov5DKalbwDPGM0eOmyV7gHPa3reeXoZ2EggLIMkV9PAQEvehsC5jwpiKBoeguabfngodB%2FuZ7nzIL8u6VirppRYjqt3aVT2lhMIIXCEzRsKB878%2Bp42oFCb%2FB7MkTQy4MoJ8Rr1GO1iqUn6bQsrzFSzUvTJE1Mz8xnxyiaKwJk5%2Bdfvh7jPZsDv0qpjOTAVM2uUzjX4AOEz17seBi9aeivKFPiRuBYG%2BvNc7yrpScXA8nrTGktJLzQrAfyIeDMTeDfxT1tX2nvwR56GFIUx2GmEjt3uzi%2F6J5ix95vHw1cR3rdKQuDD54WCZuYjf%2Ftx1%2BriwgB6psHliHRzyR6VE4aLO%2Ba1R7F1awL2WFj9fKrepUigMdeVr5diId7KjZMZTKNPYU1ffxH9fA5NTlxRv0LhwFIiFyB2zwR7NSln9BCI4qgLzacOcXg%2Fx
2024-11-30,炕烧塌了为什么东北人开心,12.3万,/l?e=92f1yhYDxsh%2BuVYoLx9OPrmgQlhmhEAQqdVrLWPtkl7rEjHDAgBCFIC6yMDyRkAkiksG4%2Bt5lMbQrh1wkgqfIB5gNIFot726YZeswr%2B5N07AAkZn0262KjQ%2Fv%2Bcl6YMbxOtad7Yvg8LNM2wDAunjDW20NpEKzEcFxiXiNajyt14y1IBm8ZQE%2FZdkNwkwERcYX%2BkvVvRIezVhRfXox3geu8avz5qQy%2FTvdDWzSrPe5CxNipZHp0inxvmxdH3QOJubfQgCf3tAGpbzNFe%2Filk8vLvJLoiZtN6JmYTU5f8WDX0So6grWrVOmLTU2NnzITl0kSF93k4TVJ6XYQALFt%2BggQw%2FJKofk42Xb%2FPpc5YYAHAXm6ZiryWv
2024-11-30,谭松韵蜀锦人家开播排面,剧集 120713,/l?e=e41c9wUgS%2FbADNNW5kq6gFjIsN3ti7ZEg8He7LPPLPE%2FKtsWUmj9uvGiVT7Aw6NuzpOnJbVmihKLPoTQzFhK2bNrkcbHv3khMcgniIWhDsvFaJ5IfZkyq1MID%2FH%2Fu0S2QWePTKPShfwKwC6KKSxMMjcpFZh%2B7K8Rb9H1PrBI%2FNRy8b4wUdaiTubcRD1tXn1RjHtqhhwTQQfSQfRB18gINfvB1BCpVAu0PNqN07e6kjfO108Z0hdLyO%2FciIOOkoAvr8qQVZbVLsXR5Hi5UD76dgjKQeTRd2VjkMHMkSsku2M40zUt9b5xWQXzsr2znx%2F1eXMSyJYhHVn0abhkB%2BaCykonXWyQIh%2F9
2024-11-30,王源粉丝买电影票像玩拼豆,电影 105591,/l?e=9775TRx9yyZ0WZ02uQnc8%2FAMBSt2HyL0fMKkDtBOSSOS5xRVmWk7pB9zIN8DQ65ObIFKFr6qdUJ7DKjwHHvqRANHWlhSBYUF05yLtQKzYuIUbHEgsC0PvAIbOSKw4kmdimiFvbV9wc2RA4mv1ma17dPbFKdU2w5HzX%2F8O6pIFERZc4sTntbu9KXn%2BOBTm755zvWC4pE0TOd4yDBeVsR9rnuSSe5G%2Fp%2FhF50dXDEZAs%2FvmIHiTKQB6boXaft%2B2xe3BgGYr2kiVCMKpKDBeLWML5wa5MgUpZKLztIfkKiipxRo7FgGrW%2BbWlrgtEmsPTYlLP%2BdcKtsnGto4UHMEopyJwVjFr5kUa5l9sjezC7Xvoo%2FiZaMqXMB
2024-11-30,aespa全员黑裙,音乐 98703,/l?e=6579f558D4kaPY0lbIhqqP2u5EnfuiHgsZeZd%2F2eCbV%2F2AF7f3O4tq7rmADfD3h3WzQrlKX14V67ivV%2BOYRYk3Ui7gS%2BY0fFd2lwEXwsb0TunU%2BzXO9YygUjoLLq%2BTE0mwx4c7DZbRUGQWVbNoIzA5OeL%2B3w9e91xjyIldgrJFOAP6vjqjmZrnXMdc2kn3FMr%2F8SxeN0dIYMzl1MWRogOQTUchY
2024-11-30,不讨好的勇气CP修罗场,,/l?e=be6aPKMtlVLIfemtxr02Ubff6dCMt86XIIl3NgXXMYlRc66AhmfbaeMaedioVuU3nVWYlOepQJK2Xz4aoIhUmp5Ol0ZJbhLA3pvPdhx6NDxQesY9uPDQay7QET9ODJahYABZF6XHfxJYtzhKdjDehzyVMjFli%2BL%2FF4M5c7sB6mlMSX%2BLmsJW1ZEdPo7qk9pvuQCSXaj%2B3TRdwqgG1cpsy0JixKbrYV25iS%2FgQgWXhmls11RWZNfLhLTqi3Rw2Itvhh15iu%2Fq2kbDA3dPK2AW1IzaHSoHv9BhJKWcD%2BSEG0HgCcZ3PPePZK62dsU
2024-11-30,虞书欣团综300拍摄作品,17.3万,/l?e=27c9YG%2Fe1xTE7OS4ZEcxpHi2qmJpx0hB3JM2o%2FPxuIHd41XzHC9Ckn%2Fe4cvddm5TDPi4iJOI%2BySCNGkdUZvsetKAiwk4VzGMDDQ1%2BDF198WLepI2nsd8jpHrxphpw21RnhLUVaUu%2Fbkclvq2uB0psXB%2BjeP4qGHTnVkCcK%2F4EiaO3hDtIoRYTWaPBirQQLDLfIaeenE6OdGJXdBPMRdzOw6nEOQ1Cp9khnCW0amp6d6zBAqWQqQdu6dV6ggv4yBCMu88zeIcX9xiLQ5cODCllcIv2mfoHUBTrVSEE7j2tQisp9Smkmy9zLiUsvV%2B
2024-11-30,陈赫回应鹿晗直播,22.1万,/l?e=faa82dWwWkuOfT%2F5R8Y2ET%2B%2F%2Fmlvr1ciNzjb9xRwQnGNVygSMaSpgz%2FHR%2FT%2BI5lau1pSmuZq6ElmvxDS5I%2BL6jIbU6RPrp7tz2y1osRjjQkZkW3b9GR8jnBFfjWgiWZvDal%2BJD%2FPyCVyIMl1lCUfIfOu83VYl4XuHXWbqCjE4Lutdsf4mLUrALWmWa3QET2C0a1Cc4mvbQhuPCfNg%2BsGYBoK1tEnfqQYKp0Piku8%2FgXUzuJzIattV5CuOCjyonJB%2F2JPLvqsOe9PB1O%2FgIArFHrk3fFmUHLq6LC5
2024-11-30,孔雪儿终于把面纱摘了,剧集 127415,/l?e=d92b8jYIntf5MGWxz0WFPt5Zv0CANXyyOTlqWXWe2PLB92%2FJrGR8WRo%2BT60ohu8%2Fv3GBXouVoJy48mkrsoBfd6XOqZ%2BUk9soRbBg2EUyKru3gPym8iSvOmAOzyZT4mPaQ%2FJ0wie0e0h0g9vNgIUvAKuAiPa6CErTy91FB8EEmuERiIG6alHdE7hFmDZJveeSRHtU8YxNqKuNz2VbqLQlheZ97HFTlAD9RBJRYuIQwVl3WBFSwxqtJXUluNweQ%2FbcqUjzCSE10BIvlf6%2FpeHUCmV%2FiSGgjUEBrivkA%2B%2FGiB%2Bo8XYfTpWRd23uRIZkQOj1LL%2Ba%2FTl7Z7rA
2024-11-30,免签朋友圈一个月两次扩容,194.1万阅读 | @央广网,/l?e=607aRVtOIvcwM3M0%2FZOnbJj4LOyTyAQPCV3J9UIOlWiXkA7Fp5yZW3FhC%2FHbsQmpUFNsPBdPrv6MA6Ftb6aje9LvrVL4zQHG3Zoo1YiyNQzBMQVx4sTrDn%2F1WEBn9l8yGgGf%2FH97r975u1h2YlaqvU5mcDCBYA4ZXA8XuUTwR%2Blr37RqwtrwGWhXm3%2FTf5vVYemFIL7IHUPwia3kvDoNePSGcx5RwC%2FlDd23XfDtLxPURIGv27%2BwSKVZrrNEeOPcE8wk%2BHpA728bZJIZ8%2Ff9JTKWZ2OpygIHPEx1k3lgmq0LP0ufoUTyXiFtEndNd4FhQzN1Ws5lyKO0mXHduR8dbwZW1mN%2B%2FAvM1skIQm3hruNYL4XNiHXn
2024-11-30,美国小伙倡议望找到更多二战史料,82.2万阅读 | @北京时间,/l?e=f7b1eDiamiKHtLUe8IRwQCdHUDrEyLrTxZ%2FSsyA80c8w3voLtrdjI8htbKofXe%2BRbgb6LM3yscyiwO4JitmSPhIjSmtpS9vR9AYY3M22%2F8uGw08L56wUwEovoC6S0vCTw9KjrfIojt0ljdjGgNSOj18EdO2CJ%2BNviBBYM96nQVrq8JBIf7nl9mdy13ZIexLs3eycVzIzGOjdRJl%2FbzOtGrpDgSvetHom%2FA5LQdpWXoM4O8wqavGFCu6mMpSnyTdmpmL2V6%2BNdJZdFclI1fkagJOIGN9DofWh5xLB93zwUk%2Fyax%2FQ%2F0r9mkQZS3gZ2IfRxwAFHYtR1WR%2F%2BDhzGVnY7MRgBdr66rL2dhvnHjEKKm5MgU0bfuO5NhSgsseVyX%2BWEpkRlTZB8AMj4eSB78qV2yOKBHgxCV3iQHvqs3mYvCNU0KJk
2024-11-30,一诺这个眼镜有点酷,15.8万,/l?e=cd6dt9svqxgOItg3NjtXHBE7NvgUCHkZLgEFnVBq9yZfSB1B%2BVYqYDmuqNC8SH4CXpARSV%2B1%2F2xlGUr6imnAtrgteo%2Fn8vLYKFVl9ortlX9lmiefFgPFBGaA22yyqCJ8pg7NRMCZV2GmvN0B2ZAMg4bho0hX%2BSVDxNdnoNEp6sO84g77k9HCJTz6yCPfNhkkdNGo%2FFgBsgMq3arYvIP5v9tJ%2F6QhC5Rvkm1wPIXNCb0bTmkED3B9sdIlkHcQ7bhf%2Fb55D7TIqrjH0y5I7wjmUihKWWcsT69kcpIBW67Bm4UDytajpp0BskL1
2024-11-30,中国籍男子承认涂鸦日本靖国神社,23.0万,/l?e=e24cAmxHdN9qW6sUdvMHQ02RsoDzw6px0e7Ij9o2PJAVen%2FIubUr%2FEY%2BrhwG7TjaEqS1TWdIIXLV%2Flx%2FMF8BLCvRXjIPwgqB%2BRYfotXjgG%2BHWoaI4hZLzQcun%2BfK9I6RtUnBfsyOlagOMgg7iTGyQPTgXmbYY6eonkCmBQGomUaCAX%2B9gTuznrRT8JPIepGaTo71sbnygpAsDrYG7l6ZhAp8Itetbp62PvtlWjYdBgWOzugDwxsVqqSTBIZxWYPE8azn%2FW%2BhkzS1jAiiFyIQz2gkA1lfTZVcUR2LYFfaBBtR%2BgZBPK09DdLA6TwN%2Fj1Ww%2Bwv1xa5yorELO6jFEP%2BnVGc4832ashuI9CkykoVz3XplDwn%2Biuob5vJRoV5WpOf%2B5XihSt9PV8P4yYplusBodykK%2Fps%2FFQKyHIic9Y8NLce3f5%2F
2024-11-30,因果报应21刀只是体力的极限,电影 172145,/l?e=c134baFLQPThQ0fbujeXxtc01aktyGcfhYmP%2Bsg%2FqTb5Vzbtyt6XT7xH2rBbXT%2F1AhXurLA%2BEYM3qtzgmyCxU5QB%2BzcRrk6FJDLJeIxMD2YfxqEYEa2o%2BygCBZBhu%2FKGysQGMEpuBs0FfIHk2x%2FU6q%2BxbghP0yndi%2BhchjnPPccTNV8RAN%2BVHBdHblfW33EqIe9DZG9sJ4UOqTx8ZIuBPOADl2cOODjJ4fAkOVLvEI8febbytNMjsDMw3q7DabouS3%2FmTF8TTwHquk0pmggGmlhD%2FWgzmIbft3zKEvGpkJNCGNMPsXM3YtaJbkAU%2F70%2BvnH6oqIevHo49Iiqr3VXDpOqAqio8MmTIh%2BEslEgxcSYcrcayjt7JBc
2024-11-30,山东临沂禁用的工业镍渣流向连云港,97.4万阅读 | @江苏新闻,/l?e=2686CC%2FvXA%2BmLDyDpB4mgyclx1RilQsJC0Kofh9PakiEIid5oGdZsHHq9xMZ7zIjbWWcc5rmC2RLqtRuqof3Wrz8X0PhfYCp8KR1%2B0E9d2YmCi0Qxu5Cd798KsokEI9MO6XQ3geUmGqSoVQ9l1qcrcGqoQcrSsa%2F5yeV7IP1VbKuFl0V1R8p0oltnRHRsX8i%2BcnWI5bjxubXIxqAtEov47kfNAbIflpB7We027YNj1QCeVho5lARtxZupKcUt5vXTdKF7jPBHe1iTuvZNEnw8BydQmCermx3GN6J%2Fn5nknSsPrSkWn%2F1KDZHTIbgvy3NDfI%2F00vAfDXl2B0TTL40CTi%2F7%2FudO55ceADMw9suGfmguFbA3W%2Bp9Bg33zIgGfiq62UnruIktcMf78lcfPvqaqTE5BNrQugJmdYmTcoY3wFdNziffDAwmsrKEL924QFtXxYL
2024-11-30,如何应对野猪致害问题,90.0万阅读 | @央视网,/l?e=2b483emsC2zD%2FPjapYcr4Y9%2FOiBrW8Z6p9pMZSpJFxHc45dtgRJ2wtNCNzFz8THVtvQfxtvsOmBQF%2FS2wQSWbmqejvRdYDMLe5pR5a3vMw8oGVQ3BDD9lR7uwtC%2F%2FuC91YoEBPorCP51pv%2BeP2dT4d%2FaE5Xg%2FfYDniQ7rKepIOV5R%2BrEYVzkNSqDL9C6h5CykLKdcU6V1e6mILYNq7yZ%2BaMczUWw4MXxafTbKhPdobAC3qHzwc%2FOSaIEYfCBMmfPDylGYTBH0RRTvt9JEIbOBdXzYrAtYRZnU76XCeh9S2mEM%2F8IHuALNZE3r62mcdErgdO0Krw01H9X
2024-11-30,双轨 停拍,41.7万,/l?e=d881QP4BbQVMl1UAYeOsGdYzVHNYtNStrQC7cIi3bsXlPoVFUjwKgu7vPoRFkxtEzNnEh3MPIwekWQHkSIhrI7B9S91gw3DEPc%2F1abYnc%2FFbRxtf5GY%2BzR4U%2Bz80BCL%2Foen275Ion3r62ClFX9ibeqRX3v%2FMVUqIqzOzOAsEswht2WF6BpaKS7V%2FYMFhIUoLelH1ZwWBtFwZcXhAjVLkpgIG
2024-11-30,放大看发现唐代名画五牛图细节拉满,289.5万阅读 | @央视新闻,/l?e=122cpVLnXi5tOl5c4FSOkTs32N3UI%2B0azjvlG7X2BbiOb4cJl1jgtu0qMbeBBLRwoV11zn%2B6jF2ZwaPPdTI9d3nCQ6PJK4CTwrcaiV6aTeZYabM862eTNYXQqFfPrctHJoSOaLrznjnuFuQ0VYwo4A01RFj41JkYT95vqS086PmzmOBqvP9H0ghf36ci48icP1fzwRCF48gkl4SbUXVd1qQcmVDmeR1njfPVbFI4l2ZWt22K0XUkyI47PmDR5859MvGdeJZEm31LlUis57EyClt9IajvTJU1OPwqf%2FKbVPP%2BZ7AgnaKqCdbcylZkDSw2vib4iQljxHo%2BOzbi2MzLReGs4gkGnAyj7aTd16qEZ%2BkAl%2FPKUGTJNIXk%2Fh5ANtE8k73IiHyKNgzdIubOnnsKO%2F7FPhVjZAzKeslB5E2LyOBkWkLJ%2F26h%2BGQOg8OphfRUoRtR
2024-11-30,国考河南报名人数约为16.1万人,20.5万,/l?e=7f66eEfSM9KFF5sLXklAWiFkDPAvKJ9NYV5sWjjTXw9b5fDM2H%2FWsVLhb%2B5ZrmKFNd96Ua0w%2B6Ho%2FQz3nkV9wX3TSSCqVv2y%2B0pjGw24ImG%2Bap3LKFNTcNeJmh%2BrXqPhQTIUQtlejhH7YUJ65DNfgOtY4tFyMSBHHBhs5uLO4NYTfH0SIF9u%2BR2Ch55srkPQfIRbQ%2BPcJw8nTKE4y%2BDilexqw55uZIff43zXo9HWrjY3QRP7Gxpt9EwsyUKHoqXz8PvqOmzCzqkQY7eElNHrsVpf6s5V8wl3WV9W8e4D8VrCcWy%2Fh2rzJwvVM2yN2Ui2aSxhxmp7fPZdwhjUz3Dxu3CHXwkyqAdDchm82LHvV5uVDH3qxtrBUuAN7A
2024-11-30,鹿晗 别逼我把韬叫上来,125.0万,/l?e=dfa49IAVWLF4j6ewU1bps3kpewu0%2FtVWak2Yu6UeF8tQNmq%2BggxEqXsguLDQeFH4WESMIvd4JawIhve8gnGPeTed%2FGq%2FNljl%2FeOD7MZ0NZtQkKXGBO1Wy5Sai1Y4oNbi3IgdhQrsDT5wN7Przfzm0zOrnZb9UjFaBV4If2Uh6vI8kCnBRaxPnFtvFd1c6dhnaWaKsZhUxz6NWh%2Bax1QP72VbjqFpuX6W%2B2Dw9C9tQ6sLX%2F%2BO6qQR6pHbLvuJj7jOZ9w6tNbQPmPH0DlxWDJX25zujDMruaowHDzeCmmw0D4D8xsIBs9Nc%2B6e3XSTqHaCSvFq8%2FezNizqsVSu
2024-11-30,周杰伦化身儿子球迷,17.0万,/l?e=42e0vUuLv4lR2%2Fi7Y33Fp94T33Spw18Ox%2FW5MpJykdvzfSYQrqDscjsWOrlpaBNJdmsrZllcv4Zb8yhKWeq0eLUSlYPlOYGSA7nuZK55C%2F0g2RH71wH0m5u958%2FzSgxPYQrgIEBWmVoxGEzPrRRwTqFO4Yf81mKcMJgoV2Lm%2Fg30jCBYYkjyS%2FwEUisthN9KahguRxNK41C9WQnu%2FWwQlkhZAHmYpvk8QspXUvzDmCZDSuBsb3xdcpyUJlt2xCIuCeCLU4byGMeb13t6VFZqZLQZWgMOdVwlwaDsiJkUvvUEcslYxHlkOXHB
2024-11-30,Wolves对战GW,8.3万,/l?e=b1e6zKTLPM6OfHL%2FJ2cFPqs37v4ylb2J%2Bl96vWUWLdk0xpYNpZYNT93krsMKLbOTrdS4sD61I3F2PbddjRCLP4kvehIXfCfmR%2FksBZE9dp%2BAjUc8gTFFvlVdea2zkxEAZUtWzolEZo6xFm87N14cn8NllQNUo6hI83tWhMR05a8slhKUhbLL11o
2024-11-30,一句但悲不见九州同哭倒一片理科生,510.0万阅读 | @重庆广电第1眼,/l?e=6ef5z%2FBSXTJAtiqGhThNXjYOLqlPsiNsZNXckm1uWLeCqeazfzvQdAQ95AJYzPVcz2hq1zUvBek5%2BWxkIShzw4s60Qjs3CSIobdDyBk7RUDQprp%2BAr32qXwutJLGSSZt%2FEyhRN%2B0rzc5t7XRp2ekX8Yqs8H8fN7J16CZGuiBRaf%2FajFnXMtt5bSI3wv2L58eZPI9TYdxeY6grpOI33%2Bh0UIroH5JpA8MvKPsHqVXHODJBfLF03mup522NkCqVCtyeXCLnxvZFZsRH8CuRaSLGYf6TPrETsMCUfzEpKi9fnM7GDHTydtopLZRXQ1Oj%2BN7%2BHHoCx0UdYLuHF9yrr9LCbdX%2Bfpej4Tp34TimKSQurVOA3SDUe65qB4SSjOXaTGFPtbZE4qXFhr7NbbpFV0x5YxuxvLkWB5cDRgW2QU%2BexYhG1HUbNzWh40Gtai9YTh1UucH
2024-11-30,留几手让葛夕打过胎,综艺 209000,/l?e=85a4i%2F%2F4foYxQAIX9%2BR%2B61JLUSIMeCg9m%2F6iftOBLs%2ByOF7x9zlU1UiPrFlbaqtRzjsUARNPZjLhLOGh6DSD7eqJQPGafO8Iaz0EeiznTJyXSRir%2F%2FL8y3r68xJRuRkh%2FKmZiVU96yXmQ4dgFi1ueCIU%2FGs2Pah1OIwKkTfSujMVY%2BXE3V6GQErYlQ4FvKClv%2B5sQWcrD5uRICyJthabYAYVbXf0JhnKNSJzd%2BYe6bu6CjfgdfctglGBEbp87FIjtqTeefyq6YDMiSKWms7934VpqJn8zedGP1%2BgQmgLv8J3oRu5bpIv%2F3tx
2024-11-30,宋亚轩说韩语,综艺 133629,/l?e=0a13oZuC%2FeRVWnlYdgdro7a2BEnFDhWLQ9GZO83MJlnX1cA5RPlzC%2B7wtoQqQwKZLh2tvqaA67xjHh9N5A59T6G2zeSmgNqi4yQS1WekemCC%2BaNyvSM1z6vKXpGHWUrNpXShjvQMQTbOmUFDj1m16AixkZyOGY%2BlztEeFIMdgbaPasF28tAl%2BqAuQyWeuW5ilJyBT9%2FD%2FE3Qx2%2F5ir3Qqxf%2F2I5nGZp9Er0g9I20CtcmhgeT9ysTNNV5nru9
2024-11-30,苏翊鸣北京站第一跳88分,18.9万,/l?e=8c47cF5Q%2FaC6aqPFxUr%2BiqLLMyv06jyOm4O10H46%2BIvfB4RhJQ4DuZq34ygdoaUfADy46mVsq9Z3YY1j9VthrShLMPbEvaMdKpsI7iyzH%2FxnXI51LIviCv7xZILSsU2yxIAhPb8Oar4HN6p9AeOc%2Fywl0ZGX8BeXNe6aQE8ddh06FZA7ckpbNtos2lkXG%2FBFTEzJwRGOkjsU5%2BiPUsSe2o6hECC70wX52mROIpq7AynUibfBv8VHjB9QDmXYuSRdIEUF3woUbf6CTh6mFBzBwuOlF8h2%2F%2BV5Augz6tN8S%2FMlqOo0KloXc271a9IgbmDvEjF824ekExqoOjs
2024-11-30,栾留伟妻子哽咽回忆,188.3万阅读 | @新黄河,/l?e=fb0cNjshbU3%2FAYxVXWAhndMd%2Bwv5H%2BE188sgj5sgNxR9%2FE5oaUt8ZIKhEtb7jRxUMlW3naXjRcgQKDwmeRjoliVKBrxPs34NNakYWTXIfa9GyCvB2UWP%2FRxJnohZhqms1khX0%2BufUWPtR%2FCrqNaDdWSRT8yvNDgo3BZT9cdrMIGq8f8wsNSPgmt9s93Hr2xPwiLyiptqXTrT282ugKseUlfmQ7SBtuQ0h2J1uIWclhHq501GGejt3R%2F6w63rS5SXxiF7TJN15H819WtNa8swherSt5X3einBfGPANmWwGEQL89tAxMcKMm7f
2024-11-30,为什么观众不爱看国产爱情片了,11.9万,/l?e=90e3%2FQ4PjofY%2Fo5mR2%2BeVTtlbAxmEYVKm2LAgN%2BCtzRCiaOiobRLCxDVapii%2FJ0b8EUWwe0UYmCE1QLnnvBRdMSypNtCJ2YY38AvYtEmizP1sifZbt7s7QlbUH%2B94en%2B0Dg12Vq7bQfbSOVW4RP4Xk%2BZvWB1ks6Q6sz8TrUD13uwO%2Bl2ABJtCaK9hoA949ra3YUHZhPU2pnCReOHCG9zfE0IN2efQ82zMCuVuibyE3aDfTNGkSrq1IKb8F02UwBbIDkss09dATu9u%2BxJ2Y5viE7KV1eI9cVT8GXgzMV3eFyAJbJB7IKkNzgdXcRxgymWkFNQhfyBUtSGNp%2FFPZfF0grVpy5v051kH8FIIhGpjhUtwdUgdC6Helt0AYtdqdvTY%2BBmWMAsem5%2BeymajSRnacUvqChQ
2024-11-30,中企参展人员遭美国大规模拒签,585.6万阅读 | @观察者网,/l?e=0751klWSoWQJQHJl%2B0k5JBogHh9TYQjCz8aiaFYq%2BrlnhxxJSRL9kDeSqIDsqpr0wcky2WonyPZibUSHQJmHoyp3SbPwPZVOCKsM4TWZAMIGQ%2BLcLmgCT7M8wif%2FRAU1w3mxLIXS0UAPf9K6OCIGxkU4mrEQIoVTsY7CLMWvpt%2Fg8JqcTCfyitBDgTSjPCW1CWNnwzFUHpIJb5B3LUGv4IjTmEbbT5%2BD%2BoOA2Uw0H7YKZbDAJINuyTb5S%2Bjky140sIYfum6wuV8MbO%2BvjLzMvZze0kTPUPYO44ha4L8f8LFi56mjWmgUaHDo6kf0NwbuiuiUYU3wosJDZGNuuVdTHcsLFzhCF5SWIr141SKJpc2fC2Y2P05hfHgxCdrka90n2Oi%2FlGE4ItzkHtdLsRq8KyQXbQDX
2024-11-30,王楚钦混团抽签台下画画,41.4万,/l?e=f4222FgVPECMv%2BC9VNHbzyVVOh8yl47PWosRnbv02zsHwKS3LUVAYWdkr92Ije1tlW3Umzz5S18%2BjcaX7s6kh3Ow6mye1erDMwTRw3rR0mZ7yz6GnsyLaWLPhJ2as2RbE%2BICrNcrRmt1Uh9oo51CTQVpe2uSmj%2F0K155f8mDWpCRuryzSQqovMIBu29ThbLenDWfdYqRMWa6WFmUcm8Qr5fUc9lawOw5nDfw561uGQBG7kHzx2mtvY1Gk6PCYBYOZoZ71XvyCDrwjuLMIPkDdCl9VIc3pntTb95AZ4QSkqIJkwa2na42CPrse1%2BpW1gxgknLuOv8IRmcFiJhbvD4z8nbWvtQFrTP
2024-11-30,檀健次这个冬天心软的神,24.4万,/l?e=0144ZnM2mZIOslxBuVUwg90koXq3la%2Fo4DRXQm5zU%2B9mKJbIw%2FVYgws7id81NM71nG4IMLYmrRBx7jVgnvXG906kYjTxVhzq2JvCRMt0hJuo%2BAd98HDzkR%2FIrVfV65IXBaiH1vEKQgnphsK1ZZ0OOVna8Fb%2FznHVKeeKiqNRfDuwkzZp5on9VPnE2OTVJdz0pVWJi1ZV3wOw0jPk5w5F5UA2Y7PGC5KaZA7ndWIUGC2q8%2Bq0sSVUAZTKtsYMo1Ge5PQzylfJ3y8CQ3Fo%2BYHzyn3YP%2BV36o4qgWlnB8k0n0fSCoR1wEtPiCH4IxXnzdqSryY1pGdTCxXUfKM15CNb9hazkZsV4KZM
2024-11-30,人间百味影像展,306.3万阅读 | @人民日报,/l?e=7449DHmRpgBNi0At87L5%2FAqE7yY9ja2mPFsy5sphHaLXJFrFYcZO347oeFxgXkQnx%2BY1J9bpwTxjAcUPIbW2f7QvdzGm3e4LToqZogKhiVZ8Perh0Trux2bqQkLRawbQYMSPsdTAM8POizqSiqw3M6bvu3Ag5LbzdjgEPvjmdBb50HaXJ9qHk5wbOwbW8OHiuhWHlv%2FL47WSyqXEVapeqVBaaC4403enXjI%2BB7GjmxDwA3WOMqKH9ntUerHF%2BwKzYAPI87rfP4BChLSl
2024-11-30,平静的疯感还得看李小冉,13.6万,/l?e=e8777Ejdh58bQFvBZdrMiIvwgfxMaiGfxEUeeu7IVTwMzKL6nITe%2BCxcAvuIgiFpH%2FN1OGGR4C5BN70hlSlXFBNfWn1sZCPSSxBHv3Woh6Xiu0bRs9dZlb6HU3jdXTwU76FABtU%2FOo4gXDcoboqvcZiP%2Fe%2BHbJpvUc6rPo6nqoXvdUj7LrrlzfhaeVsrLCGgpZL95YSu38vlDRMrpL2Q12q%2BXtzbYffnAUFTaVk%2B1qvdN08379%2BnS4wY2ewo78tPFslpaqEXEAXDbfW2gftRLDyIJGBCEDUIHLIO4aAhDILgF7CJacV74QWzsO%2BRrIlbReVEwD6na9hG9k1cpvCbSbdsgTwoWYfd
2024-11-30,击剑运动员秦雪转型网红被指擦边,19.1万,/l?e=a103LvQmj6ruAtKGRt87dZadzrIj8shKYeGVX8Uht1Sp3muBGBhs4Z2q2USm59KDmYdUfwiQP3FiaykvBw9YQSukKtA7vLV38KkzXvcSpeWj8BpYrqtUUoyl8Ikt5e7Ur73yMJcX9jjXRz%2FKu81XxWk4NkHD%2F%2BefWNms5asVZCY6B0aejKuG%2FKU6Z5pDHeIFGMbN5DZUlreQcZqIy7MUjvLwbiXC6cCNEDofurpOw6FCuaoz%2Ba2ThVDfpkwkcx0C2O9AFNIFi2nyTFC%2Bwg17NS2GO74LAnGwBfcXIEt6JWGZ6r%2BedTDRcqRGqj%2BUSbLemX4rIQ%2BAvnomCC0%2FlPLqwh%2BgYSPmgJt%2FsEu6rhKVTJPPDfVzYv4XtWjE0F11dgW1czE77dY7ZDSubQ7X5rYBGsIdMfuEquNXQm1BSGzpsY4T%2FeQV
2024-11-30,叶嘉莹遗体告别仪式,796.2万阅读 | @封面新闻,/l?e=6b10ra1huJl3uobqTAQ0PUmaL8%2BTA9NXkbFqLxbFrNG7gG6bygKQyjdrEa4D80nWOq%2BYy7IyDztcEcIH2d2nK2d9MV6Nlq6Y8DMenJnlLqHnW%2FNS0zzgZ5HEF%2Fo%2F3jVcobtIHPXQgZG0Fq4l%2BsWXFuukAxXLFZR5nvJC2Y0O5ll5EMmDbAMEqIi%2FBdBj8uJUGoYKpwf66b1fQr0wPCaRMw3XO6Q6wWM40aMEhW7eWlMG%2F%2FdtLJojsG1W8c9NqcsXZbiu1cCyPHkPPQCPYYluAPOEYoYgxYsZ0v%2B%2BXWSYppg%2Fqk93cl1Lr%2BJa
2024-11-30,冬至想念你想我MV,27.5万,/l?e=24a2c7%2BLmX9Z0DVmnPP7au40Zun1%2Bzw8bu9DeF7vBzipn%2BOgfhoMucd4CYMkAjA0vm8Pmc9TfEuHSyTT5iyBLP1ppFeD4O3jycpb%2BUEvRx7PO7gHsIDhpwGgZzlN6FmCSb4Hx1PyqZMW2JXxh4SZFj5VDOtwaKX4Dlcne5hLYXKVfeW%2B6B6G%2FZ%2FzjfB7GWybe0oD%2FWr3tsfdRI6Wr%2F7QKjdKKDHIZNSnY0fkx6vpJ9fgrfOx9nT%2BJdXUuVj5ioOUlMBt%2Fd8Umn3Fka7pP34
2024-11-30,白鹿李佩仪白衣路透,14.6万,/l?e=4381AUZF%2FNk39OUgn5ISyOrDH%2BWHfglsR4kjma%2F8sk%2BfA%2B7LBkSd%2BwMHtma9eXzjJvgmppwFnSoPk%2FWhJdRGxyckDje8hFD8F%2FfWTBDDF73ZD4nrNBGWGJA26TfHS7YavMjjIKn85pP3mPGPOKNzPK2dbM%2FXnq2thtNPoUAimFhKDLqeLapyNIs%2FaxEaZlUmftgO0r76JTxMlcpgcZnJlzirCjki1FwVxX0hUkS9eLUCzuufDbCu315Ip6F9jTRfHwSyrwnysdPSUS5AqkbS%2FMi2hNaOUqGDp9pkUJLc2YgDe2PhCuN78vU4
2024-11-30,杨子说圣依就是傻,综艺 199181,/l?e=164f%2BQ%2B47qJQmDBes9RRsfwoHDtf9weuNCIBztENlq7rqVkyUyJQsrL91E4B6jZRlSvN6PRxIvxQfsSxl2AZVrf4JTIXKd7uI4bAQS8RJ3Pk9%2B2hWts7D5cQYCuD0ZLXpCpeQb2vNZimrfsmGX58JEqmlcYRIRAvmdOqvbLZXQM3re1WdUcWnm1GKiy5v4rdy8vXZsXcFnsjmCRRNEe92wYMQN0QJgc2h8cgHSDC4yoaNZFuPB2T0Ujoo2reTqktGBrcLKbEBg8qF20U%2FWpzIDVPR8Iu3%2BPKUXrc
2024-11-30,香奈儿屏风里的西湖,9.9万,/l?e=8ae8O7%2B32VKWEiEqaxCMxZVWQWgz4DefmoVVKfC8TZcPJdCSrdrR2O9pdycjNMKXRUZRhJlQ3fTv4jeSlDLWGyw3fYCRP5vW8XtHsT36dvygaH0xiThd8Ht8y2Kfs0UQ%2FpMzrK7en9r9AXo8Uw%2FpQLCA5fGiRcRm%2F3T%2FqFz9zPs8KvHWOB4FgV4so%2F0Kj0S02UyDgdu0QURD6pjnA4S7xTKX2Ta7tjtIr19nBWB7Q9YU96esjQEe7GvWYepVGGqdz4M7gfASZO8ytazwGcZXOz%2BtxpeBZXwmZSFPzhYwPircORV%2B8CvXSZCT
2024-11-30,李昀锐说孟子义怎样都好看,综艺 107002,/l?e=0e97tWKdXPFJZJQ7cP5VLMPRVtEkwRcWCAdN4P2TAqhWezuz1XDp4z%2FeG02hWDvdir4N6yvISv%2FVakNEhkOW5hcCAYcKo5tjY28IB5NV9S9Mr1kCrafKN466w9HdgD%2FyTRFRNUQZV7QAdpbsfTvTjK4mlfD%2FuUXybF6CzIPN3iQU%2FO6hd9QT8%2BOydHobd7U9UPAtY5YUwkHQlt7PALx7F6z251h78pqEMcB7XTg%2B7nGiZ08WqL8%2BTGhp7i1APcZhU1jiNsJnEZVRDz5sxAwidt41rkPssszjSbX1q4U%2FJq%2BmhH7uDCNgwQjuKIW%2Fu9ygdGZvdfQ5PFfnvimG3a8hMHoq1FASmIUlGqpNKZTmKgICz6kObRpl
2024-11-30,部分银行特色存款利率逆势上涨,275.8万阅读 | @中国经营报,/l?e=1e94vvFlfkRnIbqr2qUZHJbWbqoKad4DXuG1mfJH1%2FPIQEHoaqrFSnYtm0pdv9OMAh1iE987ZFs2u1Ra2yzS3lJFeH0b2IItD0v0uWVLlrATZU4WhaAesbjIiwN%2FdVGHMKpMCq2htAInN2nujw9cxmjbqTH6B1QxiCDBp6%2FcBdm%2FFisj0vF3adu%2BiyjvGbAi5%2FY9PyWeAPI%2F6FHU6uhT4EfUzUjileUBqmfN6sCxCG5hBOfRNV4fAutL6g66zcc%2BDxtoWD48n%2BVqpo2JXW0TkQ5m2Guec6GNGgLek%2FR1JX0l7zV6pinZ8jstgPmdV7adNIPGPFMdzY9ygOBKJh0ynQc237SnTkn3ZUvLCOBlSeTTLpvasACfy8MGGSz%2Fq7wjJaX2s705G7s91S%2BC%2Blz%2BHrEk%2BXEz
2024-11-30,魔芋零食成年轻人的新减肥搭子,183.0万阅读 | @每日人物,/l?e=bf040u5yagwljd%2BgQisS6J%2B%2Fpkz4D794NO6DEsNO%2F%2Fsg%2Fc8PmFMEv2sDTXhXn6DIuF8a37E8356trjTDYA6MoV8LDHdmivamXjM%2BXoDtyXFNWrK1UMB16ndmymSVJthnxUKLnDoVQU96Q1ftegIbqmlEcaIj68xJVQ1X43y20u2u4Cq5ZA1kuPCgFZSRbaQI%2BWm4tQrAnvr9btG3hu2HIdl3pUjfvwvISOYmRPuw4p7SWe7Ps19o4l%2FPrjjdSzEp%2BEvlKSLxGpueYUbopo9XOPAjtZwyoY%2BEqMu5wAj3ye%2BFg9G%2BKCr3cuDpOdmrUmVznKIKyUkM7%2BSA%2BPqgh3%2B09xDrzA%2BotwpHNK8AA0zY%2F7dPLYogv0XjkdUeyIa2TFyfc7QVZu%2BHEa5XWXAjm7BD374959%2Fa
2024-11-30,我是刑警 你真的了解和你结婚的人吗,10.3万,/l?e=9d8c71mj9nCm8MYtnWVluho17XKDq82ZrfVfjXJeRWE3%2FJJis236IriiIuDiYzq8ULy0bZ%2F9rwpWCfwMeD3ywyNdnLsIHGEBWzPO6a5i89byKCxAQyxPJ79TvBtqivz%2BUm9OauCW7bIYKKxIrbXYC5ktjl%2Bm7ImKxAqKHF6Hs3rY4i6ztIfrEehvLdo8px4brT0XRtG9oYeFc2mwpV2%2BvpJdmw8L4%2BPSWbFDNTsmPJe6VJuJGTdllQXf0Qxb3ThQVAeDkK7PjifVNXDNYrecPPrs%2FF14FmcL4LHBqngF05RP8rK5RFstnTg2%2FJJQ87q4jt%2BmJc%2Fu83Ub8yYGXCOC6JC2tns5vFZ%2B9rI4EbPeKCowxoRuCLsRVBIeBoQmL4FdFMdBLUXIOUI0TZlXcOD8JaDYZANLCAIaaRme6004VQ%2FiHz7PWfJy%2FPLsiG5%2BDeOqGA6e%2F%2F8c
2024-11-30,中国选手无缘女子单板决赛,9.9万,/l?e=c45fQMc9UQ2oyLSmi830Q%2FDaXNqIup%2FojSf2Dhqgk3OuP%2FRdScQj6vpvyQ%2FYtfBHiMIeuk8Nsv8FWgZ913euFQXhyR2Yfw4Dye7CERVbAjBHCQ6Iuz8in9%2BgoSeU22uyRBYDsBE8dyDlrh3q%2FKafOfKgVafAIPDk7AyDSQmHp7BiI6PMeBiClWVBjRQpDV6Yz2Uh1vjvJkbja7jbcswcSAzVqJ%2FpG99HnGS22tuB%2FXJh9pqlciqXKsLdzrMMT4Fr5y6xFl8QWQY9UO7JIKhzp6f4XNOJr4LL3ftu%2FeY8oSo7HewjSWUJgjKs0YrYLb9YcN%2BbwqUAonHAJ5CdCSBwGaDHXFKUkQuR%2F6Oy4YRMQoE%2FTyYm7Vw2
2024-11-30,仓木麻衣演唱会唱中文歌,,/l?e=9000BwxH5yiET1HW9lV6wmrTo%2F9AWKpoy%2BDsnMCTXrcoUAIEWZLQtSm2k0eb4Q3rLw4bvLILRi46ND7zmcU2270eHhMIffupaPl6GrYj7TPgKPSyS6YvMy0qPANnTIrWfLgFGM3fn5aqtehdwyH4VlfCIZ5nnBy%2By8bTuCg%2BTV%2FY5%2FcH%2BXKVox9G%2FUF7Fn6IQqEsNH8THMg5MtYcpm8CQI7Tgz07QNtNxC8hOcmc%2FNoX0VE68SLmSRoWFYq1pZHHx58FKYo8pHUzhZR2wWee31%2BfVNkcQ%2FgPxPdWTG3QXBw83LRPbqlEVnVDD46Bdj4qwqSWD95tpYr9yngef5kMOXAakVKlXc5V
2024-11-30,好东西票房破3亿,12.1万,/l?e=85924UDYXwWawW3mPcTWDEvG%2F9h8viki%2B4qVvtwKTcHyYTelehmLUrDawtM9jFt8jbv4QLeo70E24cnsuvDhgZm0UW0QXtbK4H1n0XSkPy4Y5qxj0WcB0CDRoG7eqqY5T0bDh7MWs2LTGMLK9E0Tjgkciv9L00RC%2FDYMhE6ToaCXelYC1jymThcbFn3YmpAnldLhfcKG8wvExm3rcVyyUw0zZ%2BjizusxWSGR5vkbUhnRlIiyETJDJdZ54clKEuFax9RKNlt%2Bzrfb7RuMxQ
2024-11-30,赵露思12月的行程图,14.0万,/l?e=a9ffAqo8mehReorSOAf3A0NXBOmgieQ0O5AWl62Vbw5%2BThDSWHSXYJIO95k7hXB71Yt%2BfkPXdUWoL4cNk1GeH0XWoyUnb9Ed6OFd%2FH4NE4oryjpZaVvNt4FnSW%2FVf%2Bj4tiEPMJ7ehf%2BycL48RxPzrwZzVjomXTsYN%2BezGeXAdU9s5u6Ie4n17zhsIY%2BBEJOQfbiU7520nkD3mlAjygZyvhTRMvd3iOcta6qvVhe3MhfFvu9o%2FwZtVtr2BnFsjY01z1xyIg5JFj4dIb3XdckJ1Yr476M4Byf%2BQ7aAT20
2024-11-30,韩网友抵制韩国电影,21.1万,/l?e=ba6eHM905zLwNrDauXphmJNrM8CXzUIuvPizIaV7xTeAeHWx2%2FBTRV5RTcujcDkJ72oAQtg49zXlfp32easfTgsjbvFzh3gYH5QLmx50QBqEg%2FSk99IBA0ALZkJHCXVTh7vQm6szoCYatKl%2BNFDBy67yRJU0TBoFoLjEjCe48y6MyLaXVlvCMPJsJrjvse2IlIMk7ZGDr6%2FFXjrbJcS9CxYTfbovEXj1O9mrjGnOgnDCfFbx%2Btujpacgeb%2FyvfwxsJV9gViRZv6CE6JNTnNroFBMk9%2BirbwuuZMbxHuEoU3AvAB75AD5JrCX
2024-11-30,宋亚轩把头发甩炸毛了,综艺 184902,/l?e=1866O0E3Z1873%2BIG0VUmb1cO7NuuaCDZi1MscV4y3xqUm8TsJ6kuTd9phEs8ixMRBu4IcfwXWQT4XnxZp3RLg9MI%2Btcpar8lkNlcpXuk%2FviF%2Ba1TSE1vFum62a447vBT%2Bp6Ey78UxaNX7po7SAqz%2FTjGWOxnCYtQgS25sMbQOCfch3fIb1avSw7rroLMzW%2B1tOjFuzAENz0qnDlBDXyevNcL%2F7o2vH23jF5%2BJvLmMzeA0tXPyAvNEvawJKUTlf9M06RsYMfSnMlFjbMOZq5%2FXcgXInu80JZJcliIQk%2BKYqlSbKaqfWClTwky3V7Jtf5roB7Mw%2FBRNoJ2
2024-11-30,闪耀暖暖叠纸裙子,10.8万,/l?e=567dYlkLF8H8FO9rAaicAttiimP%2BDfbuRzWJmxl%2BWbeqrfwno4VYZlfef2Q9kGeeA6Qt1rWysiyYjCTPmB%2Bda%2FheFksS%2FTM2AtI32S18bD01JFtBqVyo1kTKNs2ZAaUNVt1USEpbfu8NFSAwrGnctFMgQ9PcchywpG38dZlJRU%2FSRcOBnBopQamitrPQcls0KontFcYlFKTrmmtDy5DS3cWul4CuJiR%2FMBGnJwAu%2Bf1QDgyITi9qlm%2FhTQxSnvZZ1WNPRLP4M29lkV25oTx6QJmWXgzZ8PfwcYJm
2024-11-30,谭松韵时隔三年又演古装,剧集 95115,/l?e=e511vTua9zQcMn%2B7UfnabHkUEQzAEubca%2Fb%2BQgMt3xFRxazBRgjwejy8KkHn%2BOWIsR86oxKHoMw2bpjNYCZ8QTQyzD8rJWnGoZlvVSZTYmzortX61%2F%2BVzVm7KbwtP1CzIXDWbe9WBiflxDW0DLUIRqOez67tx3hBGyuxEH%2FkrZ613JeYuTedjWX5evhV1zhtIoDP%2BVA5%2Bceeb%2BuUFnx6h4xJ863MbvZFrm8lmEfKgptltJei4hT60vF8n4muj9v4J0YOfJjxQaSnF4hHr%2FSufDs7JCWWmnal%2F7Pgeii9esNVtGdAwXJLlQNOfKp4neykKDiFbzHQOseWrovSxNNoHaFV38VGyOFE
2024-11-30,湖人NBA杯出局,10.3万,/l?e=f81d41RrFxxHkTIX2mezszKLiK4bXgYqOK7KFtvIV0UrHohQen27KNX6xDQfR7vbOnRMsnQT3bgF6boOnu0OxvvJTz%2B%2FcsDwU9qDkhJtWXSsbEvHXnCPJab3cuHs0FymUxtjkrdwHO5vHyoliydlVHM2kXr%2BX3cl8Uu6f1jpdF1WJlQm1OgtJGaDZ0czUQ2FNs2bFIvWN%2FnUCeU5ULlzGCKnFfm5q8ZcGPQGRtYq5lQ6
2024-11-30,Irene红秀封面,18.1万,/l?e=ed52%2F7hoakpMfPJrxtcZ5J5unWtq7RNBkzMpdxIRG4QfCkD4S11Jys84U6s0L5zDZ2YerXiEnW2iHnWK5682BXtXfJ%2Bwm%2FrrWOvBDVl23%2Bi1cgQbwrTs5jP1bmdvQJyymGRa1jHa1Rmz4elNZ5Ei3XrmdhXGq3vboySkSCHfD1uVyYeYP3LwbjTx7BA3ndM36Fej9xYGn94E7ZVGZxHeE4oJvqs
2024-11-30,周雨彤 没有预期的地方收获最多,11.2万,/l?e=11b9t6vOOi2%2F9ObjZNSrMajGkrBMkWU2nka8RUwzbpDpbVpJKB1JLnP7x%2Fxv2gaMPvULlNgimtfqHIBHd5OhVa0WBySHHNQg7tC6zC4b8AHCb0irIadr2Qc67ym1V6d674hxCNhObIM%2F6nh1pEgcKXrqmc5fSOwocZGIaPAwNPzCYhYqinSLNM%2FLA86OL10%2FLZVDPKW8HDkf%2FEu%2FS2NW%2F8xRPl%2FXz0lyt3wjiAueUczFAJWlSNzWZfIoFUxPgJ4SzUynzwLvSiCmQckuL8ZnHQ2BV5%2FEa10%2F0%2F%2BHYeMYA70lNy1zjuFO78HfuL7k6QXlNeVbT%2FLRTZWi6xwvKk9j2BguIzqRhMIrOmsxzXeDwQvOjpAhuEWBAE1%2BzBn43AvFYYqoYwzYohJpqzsF%2FmnQn7H6F2dOp4aM
2024-11-30,imp谈老头杯选人规则,11.5万,/l?e=45e587s5R7cfr%2BzLCaouC6IRVYoa64o%2F7KA163KSENNuuJSJi%2BcfM36kmBWEZOkRx8whtNWEOTzRId%2BnnuSMe7c5%2BROHX9T3J3%2BTqCnOZn%2Be%2Blh%2BLc%2B6%2BeiCy10FDWFt%2FuunQJB0XsjSw9mrNTwqdey6k%2BzgOx2%2FKJvA5gWWt3PqnyPeuIkosB7XPHQU9T%2F6VnpV1qBaffu74VIUqj4beTdNld8ol3QZscOFQaiOMVJj3Ff0xGrKd7ZkuirQ17Be8YIoJWSeVQwq3U3BoVQvI0x1GAF%2BZ0b38aR4pY4W
2024-11-30,张真源腰腹力量,综艺 115356,/l?e=3861Ojz7MzKasBFGGGt8x1ta50%2B7hHo61hc58a3Mkd4x%2B6VBJej8QxnWHv85yaMVVnBEc1CxjiNaQNFIU8bLfj488LP89GEUTqUUfEZAq4Jr5fiynwW%2BmPC0McNJavGexplMq444k03Z3BATqZSpnME%2FiOu0MaUWeMeQfg5ZZAa1v1XeXMJl6J6w56suoEY3BW3J0OmpJhjM2DytO%2F54NhX3rcYRLD4HLqsQEYTHL2Ds955b0CU68z5z5OQ0Tz1lonkfo38PpnhrNkCN
2024-11-30,乔任梁父亲曾在儿子墓地见到造谣者,4290.7万阅读 | @新京报我们视频,/l?e=14e2lJeKoNmvcTMYO3sCVeL6Ra7quzf108%2FCKDRwHHsPT5brlxBlQr%2FWqWaReaBwZvkpElm3dZepQdHYsRECj0JHZ5tcSpPt56jAuzlV%2FFbKPKks6Sa43ZCBqB98XAtpxOQWDxxxfEhOVHvofoF8jPVUykTfMAD7l4pVvIe7zxTxkUIaIiZlrs1Kd6vfHJC06%2F3I9vwjvBnoXCIhRX5zXRC7VZj0nsf8R6drD4RpOekvfbVk2mMMaD8uwChwbbInP0qwBtERAEmloM3Y8l0AV1VoNO3cWt5I07dOQ1q%2Fp1wDkfiSRaeyAcV7k4TJ7oxSCpNpNRkhcw6IE2bcFrYclYVTA8NVHMrsi%2BxDmI0nwBGAr3aEqxn0dcI1qZJp3WGFF7A1ZalPPrjvTYp2%2FnsvFrnX3bb58EjdtOS1xW21lUUKG0alqwwYilsOvcxTeLEc4CUv
2024-11-30,吴磊反复插兜失败,19.6万,/l?e=9ddbWUSj3SrLi3YXRwGJhidGYQBfiyGQCL9xLA0hP%2FJ%2B1Or%2FehorlZ%2BLX59Mk%2B2PDDHIWobRKapmEcBdexqEZgFHhzKK%2BN%2BJnYILBiz8LtGezC%2F%2BSDc20oz4AvQ6SH1RU5xVcmVQtWZIEyGmRCMdvvqsanoN%2BnJTJuMYqznNwjUbjwoEh8UhosAZ9545P7V3JclGdPa8kvTgJFnLCHmt9FLZ83mCk4DILIVxF73FCPMexwnneWaVS6qTahxf1JkeVfcSKNteMOUj0%2FsA69w0NwKiYbGDtTTk%2Bpgg
2024-11-30,麦琳怒怼杨子,综艺 343556,/l?e=44e1pc81%2F%2FlgcCrLTgDpzGUMWMaSuwoE4%2FQ1T3wb31r%2BsgYCemMZmNxE5Pcm%2BGpzawrqTilVlc0fp%2FZT3T%2B%2BhV1tnl1%2B1lBl3o0np%2FyZz7jqmvD5qyk4%2FdGfyUJAebElLbb39PxRpqJoYsJJ74L1XZRFn%2BSAH8s8UiSItdXQIWlHczynN1hu0KzWhAolv25nDDvD4xad8HDem8Pal4we%2BbLF9YrK3pC42zTp7awUmJmicytSW1vTiRid1j74
2024-11-30,国乒与你相约成都,11.9万,/l?e=ff4b7hawKxWDFXXaMbk530We0oJCm%2BAj0q6uEAjXdORs1mpCMtkPhi2pLEy4tf8%2BDX%2Bwq3tNinqo5RM5Nslz5nqscbnS6lQ%2F5Iwwmws2Qis5F1t7MKOJgBvFTLjNykNFAcnMbkb9AEKGT3aI9CK6irSJBEUvEbaR%2BEHc1AZtXqySutHywykQRO3D3E1gpjz%2FVtT3fONQhlYOmHu67ebhiIP5d8YggQKLzOj1nB7kHN7wsDoWcmoXaYKS2spB4ikHScUYzGXET107pkzSKmYQ1QD%2FwhGWp%2FyrnyYE
2024-11-30,军团杯定妆照,9.0万,/l?e=a2bfywNvQa9rzM8zgjuyzW%2B2n7NsoOwKoyy7887%2BzPf09D2NGcJUH946W56qVivRSnrYt3v3SncwFmLCvA9Mx7OOZjvnbEVwEKbi0uD8QaY3TB8UApu%2Bg1Fko095bhq5fVoIq%2F%2FlZy%2FL%2FUh6BATzYoeYU97OsrJbTaIU0VPeTGLXWrihTACD9ibtDthKeK8DCUgOG7NhdU%2BIY3%2BKMMCbg8URxTQW1F%2Bjq7RTs34hBItNARAcqvHtV5C5C6TD
2024-11-30,市民清晨排长队送别叶嘉莹,237.7万阅读 | @封面新闻,/l?e=a802we06NVOmCJliLhWg1uOdipP3N9Y4icHZ8J%2Bw36eL%2F1RcR%2Fun6uz53LuB%2F7cpgW%2BpW1bVK9hYGNvILmtHyv7Q1bsxmFVt6%2FR%2Btt67lGGxtOm%2BksFJoOgEClYsMIAS73NmiWRMgMB0wB5Pmz7FUpILS4VtneOM7E58S1h5Jw8%2FLnGQwiA6JqZEaoUYSpf2kN7%2BInz6ylG4BKI8f0U5NwQ5TCqcCxSiIQ3eW%2B1OKqlkX2x9SbMSPbyX9bwVFAvtIQZBHPyq9sZ87C0KLEXX1dUk%2BZYpMdYFUcIa8AEZOei2645znhKs64HCw1ClUIlF9sjfwhorwxWr%2FSZll1EJ5iUq%2BhNG57iZEOmrPwSrhLEGStBwYuTb
2024-11-30,虞书欣她拍vs自拍,20.4万,/l?e=077fqamIuiprp%2BWNnfiz%2FEho8QWrsCT9927jHacC4IgptxakdbV8KXqD4SSJrQoq5syUg%2FXSnSzKKuqABNbtNi6R%2FZc8u4L%2FlaC19ix7Bet5X1daK8tfARysjh3LU9%2BhsnTks4VD8L37JqZwaa5lkBSc9w9Pou36TQTGFsDWNrAFCFwG%2FXNw9AsFgyocEtu3cX0LH1tGCMvna5C4iAUQlzmf3Wu1T%2BGtorE9G4nElG0LbSh31bs18aYYLqoS7eb5umKC7IAo5NStvNa8JFw
2024-11-30,蔡文静不分手留着过年吗,剧集 210071,/l?e=dcc1cwsW9ADYwnLgN8Ay3R1shw02%2Fj4PWt5CbXYVjpZu8qCIfwMj%2FzRJTxt9%2FhWCbVkZETm%2BjKd2ytHrInINnSgxJNRVqhZzYmj3CUgRnNWPc51rOmfItuxuaTb%2FywT%2BU2jrdxrmBWMe7hI4oLyqH3tg4aTwDofGZvfT5099NyO7ikA6hY9GHKnuOQdfZn5P1r%2BS7IwiBm9lx4XfREPP%2BzSun8keepzui72eKqsUcJ1gy0VtmFaWI6Lrj6stuRPBUZPw5z3qRL5%2Bid1XC67VTQwdZ2G1Y8o9ptLyJNp7CIDcvcGb94tS2CGy08Qnn2V1KrmWQgvd%2BbKS2Wc2NKoCZa6Au8v5L5%2BD
2024-11-30,王楚钦王曼昱出席抽签仪式,9.7万,/l?e=97064HIk7I6wnv%2BhWQHb7D7c54MtQwWiQFE8m2AfHhCo85Vm5M9Frfupod7KRtVm47RqGcxjpxfYu1MkfhwSrrMfdwnWX5V0ukp%2BmhiJLPkpSGQDSNSYebBOx8c3gSd7WjZTo6VJbf3eB6%2BXb3oolAoGJbOQ35M01LFUwjtHTjS9bIGn9BcF6PU0%2Bnuw%2FYThDyRmZ3fq217s2huZmLZ36CP2ctOXtbkm5deRxNvINrgK5pfD3g8jF0Mskw4jKnyue1FzFiyWmyELqr0k%2Fos3OZRoZ4vEBZamtWq2LIUxIuvDuCVd8aPjy0XlMnidKvmuHRlRfyxalXGkzJO63leg6ixjQsFaWRMTlKb0Ts2OMZ2oMp1jcna0
2024-11-30,成都混团世界杯国乒抽签结果,1986.1万阅读 | @央视新闻,/l?e=ff51o3EORSTV9ELC38mFMKdJCpdLUuj5e46CiRCCTiMcgljVn6dsqdecUhxxFWvdONXU2Yl5V0hXmvaBYxzqchjn7MljIIfAT7hxnwAMGyRBkyS6U002wT7D%2BdivA4uX0jan3utGFvNeOey2%2BIuAUIFwD8vBuFoKIhbplEGz%2Biq53SlqWrgKFCUCpAOW8V3YNMtq3iri9EK3mUjP5mHN5PzmLKIWgfv6Hs2aSMqZ77KsAOuB%2Fhq34dRBhw2xZ0Ow76urrLf8MGRPnDfWW3syN8UYBMK62BoJWcBZm9gZUQK%2FEv1oCNDdePAE5gWNwx%2BLRnYZnGue71yufG98lMmCB2GSLfvoH97SKlaQLljtcxT9rPt%2BFMAO6DFIKfePc6wFu4l6cz8W
2024-11-30,葛夕闺蜜,9.7万,/l?e=82b3VhQTvd8EiRwux3DKvpVQZW4rnLEeEEnuwzuTs%2Fcmn6tAp3A1yNuphRAKbSXpYPj28VSttwU43%2BowXk7cy9cvFVwcC1vp20tK8agGbb8dTwHRpo3Vs3iA9Lw5gMZAb4SieVnKnkOBWV536BVHBv%2BzGigP5WNUDo6nFiC7p%2Ffp2LaxTPFrYVD%2Fs%2BVyJWGj8NwaMJFdVyvSBjMtGAHq
2024-11-30,江苏沛县一政协常委被指伪造文凭,358.3万阅读 | @中国青年报,/l?e=d288QgGi8fcKS3xCt%2Beo1K6uNgsWrnZqEQx01J4ya%2FY3shQqa%2BFlWd6zViI3vHr%2BdwOnyzCQEIKLbitmF%2F4ESqcO2cANMGm%2FQk5weEaX6WdliDHCc9nHXbCsd8rOZU53JiMobnGn%2FGoWB3NYakqsNJLqN%2FSfCfQIMixhXlX8MhU2S9BU0SeG0%2BISPlU%2FYp9oa7JLFUeqVVCszicZSyVkkp3L0fomm%2Fss4qZhaevxONWLf1Kyyf%2FhwjE1y2a6e323eqfEaY0x1XNOay0yELxZ5ZUlmJ7pwNKPFNii%2FVSEZZkR0R5GwNeUoFEKya%2BtxuBN1JP03%2Bc6Z69B1gf3z2D3WFykedDsIKV4eYKwqb0QbGZQ72MJHadsH%2BguWaDaVoSZMSXDufkwt4LqwIvd4AZcZkNXEbdtvzsjYd%2BIoCB1GXFDT%2Foz
2024-11-30,国考河南平均竞争比96比1,27.9万,/l?e=df17sWGhoV3d3Ml9JU1tfO0KviUsP4670D9RPkQPCfQbcU8%2FgT%2FuQ1Ncq6q2t0wOSHQGa%2BjlMw6slVgEORzdXD2NHqDgn8PNNDqtDRHoLXeSouO37jqMSJEUyEwUesQh8dd8MqrtmNDDC6nLnWvEzCrxDDwNfAlYlnc7%2FZf%2BVlpQdxVHmhNK1S1kQx7WcU%2F%2FavVN47%2BefwYhI7vZZiy6gOIlsAsY7l3Su23HL4GMkBrAkIN819aJGjGvxIAkuaEBpvu8amouv911To%2BnX2OXuOZDmqhqOrAeBYABqj07rIkKcUpxRvuTSUmL%2BknpSBRmp6QhgCXLXWf2DQLy
2024-11-30,宋亚轩刘耀文互穿应援色,11.6万,/l?e=dcc85u1VUTh7gaotFX3eHxo%2BgOfKzeACTeeV9GhEVes5XSa4IKSg4RUJLUwe2dzrdJe85sU2ljtS3QXB1Fh9CIlCZlSyCrG%2BDbzfNdco6Qaf83DMxE%2BP7UIzYsP%2Fi3DCm8ecDca1AdqYxYeFFpZtSDLxpqLB3Ivgsi9Z4MlJiVfLhh%2FIc7oeN0gyp2HPoFgqs8V%2BWzvUiuvtofEahbKPH3JQnNlBXK1BAd%2BKLPIiyKFhAV1PFLBFJ8beL9SuEeuwMt3yQaUX2ySjJ0%2FdM4XQExFt0TmDWHtb1TciZxiYtRnGdSqERZsazl1AXUT1Dabjv3vFDXFYlWuP66f6yB6VB4T3tEW40xMD
2024-11-30,击剑冠军秦雪回应视频被指擦边,11.6万,/l?e=4fffyS4EsQcnOXopzLzoQzK1Df%2Bl7USK0%2BabtNYhFJ%2BRPx1mkJzISAh%2B8UfNpRpXVYZtBe1J5k%2BEpd5hjwoQC7sTT3l0szY9EQuhvfYCSjp7mfeTvTqgfNVvlPBH7XZN51XsQ2k%2FmyabpaEfkog7gOP8pefm6gXNdxbDJKF%2F%2B2XU8rQkaTB2VS7OyapOxhWqFO6by3LS1xFIwODsUxJur8EqoUgG62NgawRpm0EsJ5IvKbNGxE3tKGlf0lD3OFTF3iBQmBbeU0GRCBiPamZR%2F3rwj3i9OXzfnZNdlFstv8rFQRCQvwNiQa3L3Q2YMpNRcRLVh3azK0pT2zMCLAjzt5f8ccwdXIDQXNfNYyAKViJRaJgJbioINhkXBN9aKf5U4knkMzZPGcTF%2B6Hlrr93xwFtk%2BMN
2024-11-30,杨幂一键开启12月,12.1万,/l?e=7926Hg2q%2Bw2Wn8z9NoAhSNdkMGPlZ0RerLAg%2FlEmZbIMXrPlCEoNXgE8mWKkIT28gJ7Pi9LhENsY2KB9a49TtRbEZId3V6zeMI2YclQgQUmvaZa60cQPqp6HoFFmx7qzwgc1Yt%2B2HfAy0Uwb9upSUdfl%2BX3oHq2oWLkthv7PFZmRMHHre8x4BpjfjiTQnDxz74qBCvDBdA4DRYVJOTVzAzkCBZVLcwcDrflk49mlj9QbVUPPcLZ3nKh9s5QYEgaAhZfeFh5hOz4kAi5dESU
2024-11-30,毛利小五郎又当剧场版主角啦,20.4万,/l?e=008edQZfJBbZpMqReT4pq%2F3A%2FFGDrYQjb56TDNiFrMbmwOPOAtlg2sor3tCVl6JeeFafAaGMlQuLdEBlELEKOs957z3PH3WwQ4ZBfGXghGLrXBCfcNGhZxBkCHLrm8%2Bf%2FOsBX%2B3POAfrOE%2FJEWOz7Kz7tTqBl1Rb%2BNhS45ViXZXmMFDfoBnHbUJUdyMk7pEFSicypzchYJcAAEBmwUfDeYjgcG7tgojUItnTnQX5chG51kANg8ostkpMu73zO4lhZdVcqxTVoEsXjXotW4X1UeV%2FUAu9WcNWzGFSxNeulodbCSxFGiYhrdwyFVjyASXXeLwit7W%2FZAGB9cu5U6r1spKZEmxFwpBuFQBNVax23aAzxtM06VqVDE1nDk1g3yl02gMG9qwW
2024-11-30,欲在离婚诉讼期间强奸妻子被判强奸罪,10.7万,/l?e=f480NL1NBCJu13DdwYyC%2BtDrVFsZI9Ld9nbKGoBInAbjfwJ1cgtdHAWIFvb28hKD%2FncChDS9sYLcEofFWe4QgBVtF15j6fu9OQCLEYewIngsiAmjRisGYJdgM6s%2BOE6lEZOc6cyAp5D2%2Fv%2FPKNkQ%2FF%2BF4hY2VSPUnn7AToME2rabO0oI6015pan7aMR6gi8pC6TIkdSpiYq0DTcEXcB7XvWUn9jjqeu9Ydi8Kh8UWujYHJ0VSMfgROu%2BTkLrhlCipSlktlVFNfxQzytRPMYl3%2B6Q%2FXdryKtgf71ZeBVlYg2r0YrU00d7A%2FPoVaqEY8OHwopcmOKvCMfsRGqTKtl%2Bsy87EZBWhhVXe90Du%2FsSpsjYXbO9xaTchFeZXI%2FhxOIhr8tNbkuL6GPnEL%2Ba8rW959xYvY6jl%2BB0G1qFKJdKjdZjS3Aq6NWGPnE%2B9hWuG3yhbSAnVXAc0d%2FmA9Oj2lxvAxuU
2024-11-30,尔滨冰雪大世界进度条动了,9.9万,/l?e=b480ayKl3biswuTP1lVSuj7Hdm9dDqhW6e8y10rS8ytUctgnRnpfJGVEpf%2BJBMGFdTlFy9RnYuqZxIkpT9%2B8BDnu3zPJZo%2BXHy3fPFPlwqFOA4wOF7hNsRuZHsOntFKDm%2BAaGZ1kE4dZjmo26wo40LMF4o6JBX6U8Oni3%2BGIxpqaMEiKThyNabis7po%2FnoUderxUnh3C0FIjSb7wVzg5R%2BO4L7EXJyCJ%2FqKEIO0f6NwycD5P84lt2x9xtt5s2%2FXlRByKa2FDoJN%2F74lfdR%2FJydJL7lMJmepV9B2OZZU%2FKFoKzj%2BXYh%2BVPZpxAQHKONYCs%2B7DQVo%2BH4A9DoVSqhbwk%2BjSuyZgaHUnEoa3EctiGl7efqmj91uP
2024-11-30,团伙租借国外农场编造养牛谎言,476.2万阅读 | @央视网,/l?e=1f3fqIZTVgOKHlJMleX%2Be8FY8RDAgIhyFQTcB5%2B%2BKAdTIkzj33TJVrhbI3vvL67Jmms0oo27WUR7rVtl8jl926%2FPh1aPwSU0FywW%2BUQFcDwxuPjsvcXnpUJVGRmlNYbcJsLtrrIQpH6glUDHwLPwORCv5LB5Xx4Rdnfgbh0GhIVblLOQq0tg9umvGpVEv%2FhWEGDKNDdDySa2Rr1QSSajWmbMcKKUQ2sOlLamNjYUgL%2F1DWaLwP56Yi0VAB0KNuvUPFazG%2FalCckqgJ4PdPOHvAaJveKj7nKVxf8OYFEkyiR%2BShMUW5x9s3vbfYGakSNgkzYFlyNtIqEDZ7Q9R2MYCabXxYSvylYiIgrpg2SrVCEpJinRsC%2FMhpLT3DDM5HqwadO1Ui4Cj6z1MTcqcPZSldESrM3z
2024-11-30,张小斐首唱电视剧OST,剧集 265243,/l?e=1995v0y3nkNr4pZu49a%2BcLiY6exfCFmyITQ4aesIzPkwdAXnYrFZnyZwqaHrtLTMiHVKao5MJjro7pFaTl12KjHDNE7yVtaD8Y%2FZbxPdzL%2BICqL9GcWsqYWsPJFCodo2mpUsJT74KyrPk41irG1gLyH0AuAsKCySlINzZmQNCEVcyUXV6vyRMlv60UROKpUroTqdfp3TvO4lU5oX%2FW94IWaHhlOmjeSXh%2F%2BSEJ1ZE4No7VUJLwDbbtD4707%2Fel4obSPv11FDOQVuE2ysSKQEAkKGNO0DO%2BPWN7i5QbQU
2024-11-30,朴彩英李泳知APT合作舞台,音乐 76995,/l?e=b336yW7cl8A03Q26xR3sNYOuDcLTYQGvIRTeW3JxyWjjJWSkO7sUdh3qT1s7QkRwvM%2F3Rc%2B4tdYe%2BzOkJot84NQWMRTrR7pbs5gm4XpM2YhNWpd8qZuz26%2BImH%2B1vpBtS7tXI12KxHRf3IgagYvQqZU%2FulPEgUUQ6Mmd2zn5ioI9%2FFTbruY8Exuq4Tq9BHGrK2r41A1MYRxUx7DMBMpE1r2a2uGr674LeCkyoI8xyCqWaezDwLegxFmJHV3%2BiZO0iczHVbRdzVW%2FiMlo%2FGCDdhbgTMqHUYHImaWTgKekDK22iOgY3B7ooNPaLhGVN%2BXr7L6Xgt4VDbjrhjXq
2024-11-30,考公上岸后的体制内生活是什么样,1677.9万阅读 | @三联生活周刊,/l?e=51c8lhwACZJjJdWZFLrJe9pv9aIYyCVnLJfFPk8tgahINYwvR2wYDmcr0lKnUCPhPXQDzI5Bx%2FTU77JuanLUE33Y%2FtIGtbqjnjdHf8Ao%2F5jBvDDyn16XajlgO4sWumABALCp7LGE02ybFscj7ycYEMEVu2cVc1KS%2F0C448g07pGCIpw259i4qtA%2Brd36OgobnLxVF4MW040L1IA8NSCXjIUQbYYN%2FHe9c7vslpV67EEANWu2p0PtCBBhoHYCeW7E5uMSdFRv62uUyhAT2RuA%2BHYz%2FIIirgq5tnfULPehHh184xjHgYyDCUeRH0sAUTVSXoZoOackM6AaA%2F5cfV7WGkwwpjcfbezcRa%2FuV2%2F11WrlE4jQInzt77G4UzpJ9YC%2Bxlox%2FYAUte2s9e%2F4mF7YmL9vUCKD58jJVr6ySmkszLLxeEu7
2024-11-30,龚俊 想看腹肌没门儿,26.1万,/l?e=e9e4dwt9N4XP8SqOLOFGKWX3H1GtajUATU2N7wuQwidAO%2Byv0b5hbKpvIHFrhffSMa5ARmnm3fLAj4KPmUIRUklhMZ8iZP7L4XuH1l%2F%2FCe6B%2B772dPlz9GcjS3gA0%2FwBwVnpLjs3lxolrPmwsVlxe%2BJFR%2BES66gidzUqZnxz4wdOcs6NVItC7IwJVuGLlQ9LuQzLALXpw5A2P9NgOd4iR%2Fi0Bx%2FIM2xV5VcPlJ4v4qMQWlRxIqQukk7HNHjXPugKSHatBwQNQxHrvAFSTR0ZrSEeGASLF5k8MDrYf%2Bu6EUQ9lvAriyGWO8Wngbz4
2024-11-30,王珞丹换风格了,10.9万,/l?e=14a5RiU98t2k8VtMCuy46%2BX9RipX3VpQ%2FzAM5NNhwYHOfNmYVx5KTnvO%2Fazztur4Rfftzt%2F%2Fe71QpelDocrrgGebzB6K2iaEaizGtANmbHbIGnR%2B7O9R5L4giEM3DdmdZNW9oQTmyHEL6XKHqOXpiQTvRKXkL43Bbv9Lu2zMhFFgAtNVdicu6UIfp2fdjoWpKuz7d2bTlVHfX0Hr%2Fm87tt2Nls3SXCscXMGtrGCnOHqlZDiCYWNL%2FbxSrQV%2F7a0uvags7Qt7dWQb39%2Fb
2024-11-30,龚俊想上旅游类综艺,9.1万,/l?e=87e4E8Q%2F4mdXc0z2CO3%2F%2Fthbq%2BZtnPd%2FDgXw1hQCwMOE1trJ934NvJFZnYDDgPX%2BG5EwpxwQtbHHk5CiBWdqrBBZB6qe3o39mxXqd96rqDYaBRM4XfGB1ylnINyZp2%2FNOH9RFaJZGsFXIZS9QyjnHakAOxSPtvvQt2ug50k8sLFznQVKQew6%2BEt10mbBcRglInXISSI%2Fj63U3nGgvr3XvVZW3zBz9esI0aIpPUf7yDdJypweNNlLb8FIK7H%2F2J%2FkX%2Bqwpd8SAjsaZiftnSdGIDITmtx6LfA%2BNot8ilfjBvxD5Wos3sAjwLMP
2024-11-30,15层高楼四周下沉2米多深业主心慌,554.4万阅读 | @潇湘晨报,/l?e=6dd86vzTueKUA0dtNIhF7GG3KMq1ab6yEmh2gire39WCNUjNMdfuwmw1FlEj04KnV5s7GjaA%2FlT7DGK%2BkO9YbuBjxCnrEUK2VMPstQMc3i7DMQIY0BJAhS1VOWsiEU%2FXmbctU1A9MGOgpnbD4LlusAQts6zPcx7Xwsywsy51DOUhXUpVHd7sWk8GIP0Jn78ieYis9lsiREDQN5lGuxeCLh5L1AZ405OcYbxeQjPE1srFaO568W0r9ii8ScjzMczQQohhKiY%2F4449G76hkyJFbSzRq8nHmzJx%2FebKDQu8XWbpQaJAN4aSCCvwgb4mDHUhobnZZc%2BRdkLjuCAKVXmj854W0WdEERrzfIB%2FM5t46%2FxlYa5Q6hCrQPRgGALElKKBGFk5YKz0N%2BRqefjMX2N75qAd2VaSTrw1
2024-11-30,四千年前老山东人的惊世之作,307.4万阅读 | @新黄河,/l?e=b8798zuTvinN1n%2Fexg62rA4sdEIzPBlk1rVbHdogeDTAH8HXTMsLuCfkjS6UtOt9BTEqsog0g%2FZKsDrw3AylrfHc58Kgyq%2BpexMQW16xbdJitkiZ8LtQ%2B3YpI2E6Lx9ffP08fIFOLVmS5d6gdDBN6IRL1Iaiiy4E%2FEODMAUIvzSDx6WH1kkVnXcsq%2FE61fRIWU63j4RHRzsoAsYquZz6rCDfKdTigVV6infMlSYfL6Zj7h2HOJ3QFDdJN5QQoldcPkKsyWDIKpH%2FMrmoGQvaXsuCtJflkQbJmBZxaB%2BFI92qiHj7KzZM166fSyR9q7Mcrm6U0W%2F5Bb4t%2Fl6rfz%2FlBE2MrTx%2BMX19G9vWIdEYIdQcRz2veOPeaoYB0zhSq8eoBc3%2Brq82
2024-11-30,樊振东王励勤男双,14.1万,/l?e=a48augYtcEE0yU5d9u3jys0tLlYYMO7bMfzgywRo3zuccatKl%2BjJYcZDoIMOlczW3vftXXCPQRrNzjQX64C6cnQosFMOLT%2F%2FrBScL1ooY5qTnpmXTPz%2F%2B8%2FpRJtgv72s9OcMcIe1oERZHce4Kh5pLuqwzFv3tL5Gak0nL86HEMXo6tg%2FSzqO6w%2BM7S%2FjSL89SiIBx81R7O0FL5lQlo%2Fjy8EBpJjHho1dvWc7I7Fth7BhPvqcG7%2FtW8sZqf8tCs7b2TS6w9%2FM8r5AfR%2F1nWj68xN96qvMFktgp6RY
2024-11-30,香奈儿在杭州,15.4万,/l?e=bb18vyL3R67I2JxTiO%2FCcz7F39rbVRwMkdBo46CzP4T86C9UzOeoDv1cfzD0DFEvqHW6T5WSTllO5lNJMZfLhKIesRaW%2Bk3M8WgmjS5pxxZHJQOqXAvfBSMX2Qr0Ytxn1NvaO7gk%2B0BWiUhWuCw4Cp36zq727YXGaIQcdpP7q9s1jU9wAn%2BT7HXMuXozCD2vYUYabxdVoj4X84G%2Be5bZg0Xt7IpLLcyaQXXzdton8mkBYrVCfoMVhH%2BPMw02
2024-11-30,香奈儿时尚发布会,17.9万,/l?e=ed7bF78S9EzR4Et0Uvq3U4OwPAn8tKutH8gPVnld6cTIFDIfIw69xE6uHEh4Zphna%2B2TWckilvbbi9sQ%2BKgoTk1a6idggLLPI6%2BunXMceFVDipvJZnjbtmNRoIshVpbarG5aK6YyoJhN8nRsYfVDDLF2usIISapNYrVgw%2FzVuX%2FWEdzIzUCkjvLV%2BWPeOhcD13Df3haAGHkV4zJ4xXPiCJp7fvMtcGpQRklvzqpsYaIG7Sv%2FoVN0LGeupobBwYLvfPwTdyJKll3OPvtptDD7V7RIyJePwVeZ6kdj
2024-11-30,夏之光说自己的身高全靠鞋,16.0万,/l?e=b7ddFqTUzPGit%2BRsrnSswNg0a678jft16sIgqpm0fZkGhlu3tgxUGQcMZtXDX8W0UKCVnxWQ8c3uXB5loTmMmE7%2Fp9qhVT83VbXnYpTSFtcL5GJCDoaYOjysruxolMVsa5xEUMkEqTT366E8P1nFvOD94hdoknS75HpdtFMRmJTISe1v%2FrG8OaRBqoGBjdAvz0aPYSEgfcRq2SrEf%2FKkd%2B9b0cRbn3MVpevjaGD%2FNvdXo5Nuih7kb7k7g6fhi1OPnjka01LqX4%2Bx6Tm99oMBOp0kknyplCotTmO6fXNk9uart0SF63T4O6OWy0idsqp3MraEwa2xiw%2FUnatOdkoWMu9FLv2LZuMGdP8yRUZth4r6CMM7nWWq
2024-11-30,梁伟铿生日发文,12.4万,/l?e=5efe1eJkRi00%2BuU2TO5Phepfel2%2Bvlk2L9%2Bw2XI3zR%2Fxc32s0%2BVZzQhlXb0ap92xrcNqA8Vc6xJNFNfb5Tprix4ckZN3Nk2h6%2BxikeB9dCANLpwnXvmiStgH0PLW1wYj%2By5NNDu7bC1o58R7ic3YJvR1Z0z09pqjUKJ1E7Eg80DTjVYQOhg96MMDPbI8Hqe9LuC8PYsACSQ4ok1pi3vcqzbm0fwHI7Dk62ABFcbhB9bfDU4mc7YUaS56O6BkOxLq0nxMkaRCsPTsIr%2F1
2024-11-30,患者单次住院天数为啥受限,172.7万阅读 | @工人日报,/l?e=12de7x3MW5B4k2jToxaW%2FoErkr8%2FLzvylttuKqxmBFkQTH76c5Nuf%2BZPPUbjnF6PxksaD7T95kdjq1huHcH3Bi%2Bj%2FaOoBu%2F3whF69ZrsJpU8JPf2UV1QVsfhrm8VLrAhtEC%2Fs90dPZ8VgY1JHWjgIWwmvhQbZsnhykVT6Jk7UqqQMmvoPs5RbTnSUiSqErhtSwcI2DUIEwP9M7k%2B9PJ0OUy2%2Be5bMNiKsP08fVDFQk%2BykNYLVoQCPo9a6j8%2F2xzLUPcIsz3jpkBdoz3%2FgeD4MYZri%2FfKneeBKXkRtHfPFNM0yfuo5d9sZQ5x%2FUomHHswJ6SOjpxSLs6ZSJ%2FK1eH4MDxTVp2ibGb3x8JUfanSw1Abl5jdS9XB
2024-11-30,易烊千玺优哉游哉,16.3万,/l?e=e35e8rFrzqFfXBeDgcegc23hvm6hmrm8qgDYoeOI5pCZMBoSDuuk1sQvGK2TCEU6SUEnETt0VH506Ei5Tn2jHiDExaXaL8xYWqO%2B5NV6jGSWqAXeOr2MhcGtfz8j6mPJpMQvOArsXv0KSks7Tx8BaWhOE%2Fg3hlLF4IDwxaFHvRvjK9L1YiH0VT9H5bQzyKANrZE9qiZ3M2cZX4KeI9jZ8f3kwOeg1d0kl8bE5sFwMe2SeeM%2FbUbRH8HlxYBCqf4lyNLYoF%2BppatZ4VbS9G%2FD5gmG4MBuxFYqVoox
2024-11-30,张极耳骨钉,16.0万,/l?e=69d3cqPcw9eREhVqW4mXhjqDNGny5gYCpbijG9QX1P8dYhvbzv68E1teEhY4rAV8iiwPHq3SZOGfSKE2%2BUpwsdhaaiLlA41LikFZ8Tmgjj6MlaO0z4PXUUEDt1bEK2IWh0U5Wx4G5HmcWcM05fvbYgq4eYwFNGod4m40Xb5b8AKuT8kC24VfUIz6IQu5q9gUcXFITrzP7f%2BMcotLcfQB%2F1Cvd7wqqd6ImBzuCgcn
2024-11-30,TikTok等回应澳大利亚社媒禁令,8.9万,/l?e=99f6x7XdUDOazkTWDUtnOiNL%2FHFguVlR3Iy1q1%2FNwgXnbEQHsbw%2BzDjWm5MG64ThyiSlZY9kDaX%2BcbvEXB7sKf44qPvgRfV5YKnsC5t430kluQqdGnOBN9rI86S%2FVNAwzIPYKIJbvrcmU2jtz6y6kbw9Xc8qIb9hqA%2FUTJKtzHdoVoqzB6FflwBVziSrcFpfqbwLyA0JxqZ2vhiKXxJyRw9r9eIXpXAHPXEoOLxwl3noPZS9r%2F%2BeMCF5Cg19ujpwPGHEsCfHa4vX4Yj4aWX1k%2FRkl%2BGTVQv7PpaWuBSegYUXVfxiS7f7py6wYZ7VKDNxfK3udTCAeIKTMPWX%2BXi7ZdR%2FrKaqL457koVSo1j3
2024-11-30,网传李行亮歌手2025试音,综艺 103408,/l?e=5558IAjFvYZhK7d5j4%2FhseUWbar9I1aw6CK0WnJ2gyxvHHjoatdTQjeyLrJE3szJvMFJ1ZWtcDFRde37vILS5kqXN0w7CNcA73x%2BbIhTrw27D4Dk%2B0scqiVer95BCT1Mqnw9uvHb5S0Tm%2Bc%2FFAmCT9OKB4aIpTrf80wnMiOL9tRk6C9EhzOGVGNHT4oL7bVE75hF2Jjj016TSY0CllDPVjYPNbjxJjNQF8NayoMk0THj1Vgyt9XWjTA42XSarxDp9lNK7Eu8C%2FJZAsOCoqFMLuG2NGQjCy%2FtU7AbPT6DATtKZW4Ef%2FhRIoskApdwVg
2024-11-30,黄梦莹斗罗2阿银献祭,剧集 78494,/l?e=d9aencXexRZeQYJqDRXXbjFS4B13Rny3%2B6e26ed64ciEy7%2BYZlvVqBcSJ54iLOuwr6i0YGrgXSWHWOEc0lnVYSbnVWlWBHtY5TAJJFOW41uZyasXeCGH2wfyKTTDnhalSy0dE4G2BTGnrmf47cYbVdWqCcXpqIoVicXDfEPsilUHvnDjIf%2BvwiCekToBASvfVmu5VLZrbeOG6I7%2Fq%2FG1nWQT9kg0xj%2B6NGfp4FNUDHxoTyxLc1VcRKOin1Qj5FrQclxhokWlCK8ik86FIo2S5LiK7OiwjfALd8qhoGKllMXsLlLYt65xaAIkbg
2024-11-30,莎头组合7年夺冠路,9.7万,/l?e=4ecfb1DAJOX2Nl7BbN24%2Fp5tNS9MEnFXno8g9VJdJ4zK7EemQeuv%2Bzf7rld%2Bx5qXXOF08sD%2FlpYnrhK59eYrkqnFTRH7Jq6EbRhSVZPbEG2UFV8uBh33Um2tfVqdS1VWFVwPgOjiegf0J0NRSDW7HoJw4G2M1wkn28vi3C4gAGa4XBP6njMOpmglvbWEJ815ZgIzerGveRFU2eLbJzwMmvEpfzliHQytJ8eQ51aZZSC3lYrYSODA5I4FXTlqjU2tewU2KfOM%2BjrRBimKSTqLgLKHgILQLXYBtGOkRw
2024-11-30,柯南2025剧场版手绘海报,9.6万,/l?e=3e24V5COMmfH0XRwYLiQnGBb2RtGIQMub%2BD8lh7IGdpUjHOoKdlXTp84nSTAd9x9wk8%2B5SP%2Bh58DD1qansj0UQ26y5LmkLea0DrkdKzrg93gpq%2BPqxQaq4yxJDpRXPLY4atwQo8va7N%2B8dxk%2Fw3WnVW6AQ2pBfSUXgB5HoNKCvtDsg%2B8WpAJ6Ash%2BiLUimIVYJSqK2WdOO5OtduTAnLuNBDJ3BAXC%2FJ4Ucl%2FsBIhsCTPNatjkq6Yu7R87ae42Z31TlA8paOG84YnCz%2Fw2W1nDhaoPzG3fLCDKe8WYuj3rRxhsLHUQhGtosFjrXIXrg
2024-11-30,有谷子店卖IP周边月销30万元,497.1万阅读 | @蓝鲸新闻,/l?e=5d6fQhjZ8zR%2F26IxAmLc36%2FUZfDsdjeHyaZJypxv28kAoJkPsAX1MCpnzmUPbkZc9lHeQZ4d2UtX1ii4RCnbq8At%2BBjNFoHvWfAYmk2aSIff2Qxhd7%2B21anBWTLlISBf3Gpkao7trKIjfacgLcHPe8paSIVqNyeg1%2BPKROWECwRl%2FIoquCsvamR5bQoSMXc9J81K6aTl0n9NiUX2t%2Fe%2BBraTrYMFiXSjlBSOKWstHs57T5ecoR5TRGtdK%2FvTJFFEZNvdF7TmHnV9oLS%2Bw7ra3YBGMmZsMmWOWPD2jQvjQTI6y0UFE2rXVf97mO9UJKr5VfR3THrvarXf%2FgxVvEAkWPLa2F0%2Bg9RgO5eVLQ
2024-11-30,星辰令这把打回忆局,25.1万,/l?e=7eadTfn51aBdZ%2FHZZ6NBtdbquYlN0%2BdwiGJ6nX2ALQHJniVQPJMKMToJQAKaPcg9SMM%2FcHAVHxSuxCvtdSGd9B87CqgLtXi5dzyppNp3r4znt2k0LKWT8t6FVUnxbAiIhqgh98dtFAj1H1XnrR2vCOc9ipAFDTFuUpvgTdxiQn9PlXwKU10JNjp%2FOgCe6mPJaBf9rerF2Wgbq%2Bg5hq5H4vOyKPn04%2BWT3sWi20jfjxzzc7bIWRVoDN1YR6l5uCPZMorconOqaUN5BRCkCnWvYA6Ra%2FMGgpWX%2F6cuoc991rLTAW5XIk2AH9ek
